group,id,kind,sourcePage,layout,outsideCatalog,referenceComplete,algorithm,status,source,exact,legacyTolerancePass,total,seconds,peakRssMiB,automaticCounts,differences,riskSummary,manualCorrection,humanReviewTime
foundation,S00,palette,user-provided,非图纸色卡,,False,pixel-glyph-0.12.0-dev,failed,,,,,0.601,104.73,{},{},图例文字、色号、数量或边界不可靠；未取得可靠逐色用量,not-performed,not-measured
foundation,S01,pattern,user-provided,色块内色号、数量在下,,True,pixel-glyph-0.12.0-dev,partial,legend,True,True,2499,2.52,110.56,"{""C17"": 90, ""C2"": 401, ""C20"": 181, ""C4"": 805, ""C6"": 78, ""C7"": 193, ""F16"": 37, ""F19"": 15, ""F3"": 41, ""G9"": 188, ""H2"": 347, ""H7"": 123}",{},同一文字有不同读法，请核对原图；小字候选由同图重复格内文字或字形交叉解释，保留原文供核对；存在字符歧义，候选按字段语法解释，仍需核对；图例字段未可靠读清，未计入，未记为零；图例与本体计数待核对,not-performed,not-measured
foundation,S02,pattern,user-provided,色号与括号数量同条,,True,pixel-glyph-0.12.0-dev,partial,legend,True,True,915,0.255,107.74,"{""A16"": 44, ""A24"": 201, ""C14"": 184, ""C16"": 70, ""C20"": 168, ""H2"": 248}",{},图例与本体计数待核对,not-performed,not-measured
foundation,S03,pattern,user-provided,色号与括号数量同条,,False,pixel-glyph-0.12.0-dev,partial,legend,False,False,25250,1.225,150.6,"{""A12"": 5, ""A14"": 24, ""A16"": 37, ""A19"": 2, ""A21"": 892, ""A24"": 10, ""A6"": 50, ""A7"": 1, ""B10"": 280, ""B11"": 10, ""B12"": 43, ""B19"": 73, ""B2"": 37, ""B20"": 91, ""B21"": 49, ""B22"": 65, ""B24"": 743, ""B25"": 10, ""B27"": 4, ""B28"": 68, ""B31"": 3, ""B5"": 9, ""B6"": 5, ""B7"": 824, ""B8"": 1, ""B9"": 149, ""C1"": 64, ""C10"": 63, ""C11"": 1658, ""C12"": 200, ""C13"": 94, ""C15"": 2829, ""C16"": 2086, ""C17"": 749, ""C18"": 124, ""C19"": 2718, ""C2"": 569, ""C20"": 505, ""C21"": 29, ""C22"": 429, ""C23"": 156, ""C25"": 157, ""C26"": 109, ""C27"": 37, ""C29"": 2024, ""C3"": 270, ""C4"": 23, ""C8"": 706, ""D10"": 15, ""D11"": 117, ""D12"": 226, ""D16"": 15, ""D17"": 6, ""D18"": 24, ""D19"": 4931, ""D2"": 10, ""D22"": 31, ""D24"": 15, ""D26"": 275, ""D4"": 331, ""D5"": 5, ""D9"": 6, ""E1"": 155, ""E2"": 4}",{},同一文字有不同读法，请核对原图；弱字段参考同图清楚字形解释，保留原文及对照位置供核对；图例与本体计数待核对,not-performed,not-measured
foundation,S04,pattern,user-provided,色号色块右侧数量,,True,pixel-glyph-0.12.0-dev,partial,legend,True,True,1936,0.737,124.38,"{""A17"": 23, ""B31"": 586, ""C2"": 27, ""D10"": 13, ""E11"": 9, ""E15"": 3, ""E16"": 282, ""E8"": 95, ""F19"": 26, ""F21"": 112, ""H2"": 153, ""H6"": 33, ""H7"": 556, ""M12"": 3, ""M2"": 15}",{},存在字符歧义，候选按字段语法解释，仍需核对；图例与本体计数待核对,not-performed,not-measured
foundation,S05,pattern,user-provided,色号与括号数量同条,,True,pixel-glyph-0.12.0-dev,partial,legend,True,True,3327,0.774,132.46,"{""A10"": 26, ""A11"": 5, ""A13"": 8, ""A17"": 3, ""A20"": 16, ""A21"": 10, ""A23"": 2, ""A6"": 7, ""C16"": 1, ""C29"": 111, ""C6"": 28, ""D22"": 13, ""E10"": 11, ""E11"": 18, ""E14"": 20, ""E16"": 155, ""E21"": 3, ""F1"": 1, ""F11"": 27, ""F12"": 41, ""F13"": 36, ""F17"": 5, ""F18"": 2, ""F19"": 12, ""F20"": 3, ""F23"": 25, ""F25"": 9, ""F6"": 17, ""F7"": 9, ""F9"": 28, ""G1"": 2, ""G10"": 15, ""G12"": 7, ""G13"": 7, ""G14"": 89, ""G17"": 4, ""G4"": 16, ""G7"": 35, ""G8"": 15, ""G9"": 4, ""H10"": 8, ""H16"": 81, ""H19"": 36, ""H2"": 479, ""H3"": 113, ""H4"": 68, ""H5"": 454, ""H6"": 27, ""H7"": 896, ""M10"": 2, ""M12"": 223, ""M7"": 58, ""M8"": 6, ""M9"": 30}",{},同一文字有不同读法，请核对原图；图例字段未可靠读清，未计入，未记为零；图例与本体计数待核对,not-performed,not-measured
foundation,S06,pattern,user-provided,色号色块右侧数量,,True,pixel-glyph-0.12.0-dev,partial,legend,True,True,1123,0.394,122.04,"{""F21"": 11, ""H11"": 4, ""H22"": 42, ""H3"": 6, ""H4"": 87, ""H5"": 392, ""H6"": 542, ""H7"": 29, ""M10"": 10}",{},存在字符歧义，候选按字段语法解释，仍需核对；图例与本体计数待核对,not-performed,not-measured
foundation,S07,pattern,user-provided,色号与括号数量同条,,True,pixel-glyph-0.12.0-dev,partial,legend,True,True,882,0.318,121.86,"{""A19"": 28, ""A9"": 366, ""B24"": 8, ""C24"": 31, ""F1"": 24, ""F14"": 6, ""F25"": 12, ""F6"": 22, ""G17"": 35, ""G8"": 203, ""H12"": 147}",{},同一文字有不同读法，请核对原图；图例与本体计数待核对,not-performed,not-measured
foundation,S08,pattern,user-provided,色号与括号数量同条,,True,pixel-glyph-0.12.0-dev,partial,legend,True,True,1339,0.458,122.23,"{""A9"": 107, ""B26"": 117, ""F11"": 173, ""F19"": 79, ""F25"": 205, ""G15"": 294, ""G8"": 240, ""M14"": 107, ""M8"": 17}",{},同一文字有不同读法，请核对原图；图例与本体计数待核对,not-performed,not-measured
foundation,S09,pattern,user-provided,色块内色号、数量在下,,True,pixel-glyph-0.12.0-dev,partial,legend,True,True,1144,0.364,120.7,"{""A1"": 41, ""A11"": 21, ""A25"": 128, ""B23"": 65, ""C24"": 4, ""D16"": 94, ""E1"": 4, ""E11"": 8, ""E15"": 7, ""E17"": 2, ""E20"": 4, ""E21"": 4, ""E23"": 4, ""E8"": 2, ""F21"": 10, ""F24"": 3, ""G16"": 8, ""G17"": 65, ""G18"": 27, ""G5"": 13, ""H10"": 14, ""H12"": 135, ""H17"": 6, ""H2"": 150, ""H20"": 29, ""H4"": 4, ""H5"": 134, ""M13"": 7, ""M15"": 147, ""M9"": 4}",{},同一文字有不同读法，请核对原图；图例与本体计数待核对,not-performed,not-measured
foundation,S10,pattern,user-provided,色块内色号、数量在下,,True,pixel-glyph-0.12.0-dev,partial,legend,True,True,1143,0.376,120.87,"{""B11"": 4, ""B26"": 4, ""E1"": 6, ""E14"": 1, ""E15"": 8, ""E17"": 2, ""E8"": 2, ""F16"": 4, ""F20"": 11, ""G16"": 6, ""G17"": 25, ""G4"": 5, ""G5"": 4, ""G7"": 4, ""G9"": 32, ""H10"": 33, ""H12"": 5, ""H14"": 103, ""H16"": 3, ""H17"": 8, ""H19"": 75, ""H2"": 243, ""H3"": 27, ""H5"": 150, ""H6"": 186, ""H7"": 65, ""M12"": 1, ""M15"": 104, ""M9"": 22}",{},同一文字有不同读法，请核对原图；图例与本体计数待核对,not-performed,not-measured
foundation,S11,pattern,user-provided,色块内色号、数量在下,,True,pixel-glyph-0.12.0-dev,partial,legend,True,True,943,0.216,121.34,"{""A19"": 15, ""A25"": 305, ""F1"": 240, ""F13"": 149, ""H16"": 228, ""H2"": 6}",{},图例字段未可靠读清，未计入，未记为零；图例与本体计数待核对,not-performed,not-measured
foundation,S12,pattern,user-provided,色块内色号、数量在下,,True,pixel-glyph-0.12.0-dev,partial,legend,True,True,943,0.225,122.59,"{""F1"": 264, ""F13"": 104, ""H16"": 236, ""H2"": 339}",{},图例字段未可靠读清，未计入，未记为零；图例与本体计数待核对,not-performed,not-measured
foundation,S13,pattern,user-provided,色块内色号、数量在下,,True,pixel-glyph-0.12.0-dev,partial,legend,True,True,3842,3.984,142.52,"{""A23"": 249, ""C12"": 81, ""C21"": 138, ""C24"": 37, ""C27"": 56, ""C4"": 154, ""C6"": 18, ""C7"": 80, ""E11"": 99, ""E14"": 571, ""E15"": 6, ""E16"": 371, ""F14"": 8, ""F16"": 1, ""F19"": 35, ""F22"": 18, ""G3"": 276, ""G7"": 103, ""H18"": 25, ""H2"": 707, ""H22"": 14, ""H3"": 16, ""H4"": 89, ""H5"": 195, ""H6"": 283, ""H7"": 208, ""M15"": 4}",{},同一文字有不同读法，请核对原图；小字候选由同图重复格内文字或字形交叉解释，保留原文供核对；存在字符歧义，候选按字段语法解释，仍需核对；图例字段未可靠读清，未计入，未记为零；图例与本体计数待核对,not-performed,not-measured
foundation,S14,pattern,user-provided,色号色块右侧数量,,True,pixel-glyph-0.12.0-dev,partial,legend,True,True,3262,0.791,142.72,"{""A11"": 66, ""A17"": 26, ""A20"": 70, ""A21"": 114, ""A25"": 10, ""B14"": 8, ""B8"": 39, ""C29"": 113, ""D4"": 91, ""E11"": 67, ""E14"": 25, ""E16"": 303, ""F14"": 16, ""F22"": 24, ""F25"": 11, ""F7"": 62, ""F9"": 33, ""G14"": 202, ""G17"": 7, ""H10"": 55, ""H11"": 34, ""H16"": 62, ""H2"": 275, ""H3"": 49, ""H5"": 206, ""H6"": 27, ""H7"": 515, ""M12"": 242, ""M4"": 39, ""M8"": 436, ""M9"": 35}",{},存在字符歧义，候选按字段语法解释，仍需核对；图例字段未可靠读清，未计入，未记为零；图例与本体计数待核对,not-performed,not-measured
foundation,S15,pattern,user-provided,色号色块右侧数量,,True,pixel-glyph-0.12.0-dev,partial,legend,True,True,1273,2.216,115.47,"{""A13"": 76, ""A3"": 71, ""B11"": 5, ""B17"": 60, ""C4"": 106, ""C7"": 79, ""E11"": 11, ""E14"": 8, ""E16"": 34, ""F3"": 43, ""F5"": 122, ""F7"": 28, ""F8"": 111, ""H2"": 6, ""H4"": 6, ""H6"": 25, ""H7"": 440, ""M12"": 3, ""M4"": 22, ""M8"": 17}",{},小字候选由同图重复格内文字或字形交叉解释，保留原文供核对；存在字符歧义，候选按字段语法解释，仍需核对；同一文字有不同读法，请核对原图；图例与本体计数待核对,not-performed,not-measured
foundation,S16,pattern,user-provided,色号色块右侧数量,,True,pixel-glyph-0.12.0-dev,partial,legend,True,True,2226,0.639,125.78,"{""A17"": 9, ""A21"": 9, ""B10"": 17, ""B25"": 27, ""B28"": 3, ""B31"": 774, ""C2"": 116, ""C29"": 4, ""E16"": 186, ""E2"": 13, ""E24"": 52, ""E3"": 59, ""F12"": 8, ""F21"": 30, ""F25"": 33, ""H2"": 147, ""H5"": 4, ""H6"": 66, ""H7"": 655, ""M2"": 14}",{},存在字符歧义，候选按字段语法解释，仍需核对；图例字段未可靠读清，未计入，未记为零；图例与本体计数待核对,not-performed,not-measured
foundation,S17,pattern,user-provided,色号与括号数量同条,,True,pixel-glyph-0.12.0-dev,partial,legend,True,True,931,0.305,109.97,"{""A11"": 154, ""A6"": 225, ""F10"": 78, ""F23"": 14, ""G12"": 253, ""G15"": 42, ""G20"": 165}",{},图例与本体计数待核对,not-performed,not-measured
foundation,S18,pattern,user-provided,色号与括号数量同条；第二行单独 H7,,True,pixel-glyph-0.12.0-dev,ready,legend,True,True,148,1.525,204.08,"{""C12"": 3, ""C16"": 11, ""C17"": 12, ""C19"": 7, ""C2"": 18, ""C29"": 18, ""H2"": 14, ""H3"": 5, ""H7"": 60}",{},,not-performed,not-measured
new37,N01,pattern,https://www.pixelbead.art/zh/patterns/easy-heart,right,,True,pixel-glyph-0.12.0-dev,partial,grid,True,True,931,1.88,154.52,"{""A14"": 5, ""A19"": 54, ""F13"": 12, ""F25"": 20, ""F3"": 774, ""F8"": 66}",{},逐格候选已读取；外围是否截断尚未证明，未读清格不计为零,not-performed,not-measured
new37,N02,pattern,https://www.pixelbead.art/zh/patterns/pastel-rainbow-cloud,right,P5,True,pixel-glyph-0.12.0-dev,partial,grid,False,False,616,1.216,133.55,"{""A20"": 60, ""B8"": 41, ""C10"": 25, ""F25"": 100, ""H18"": 244, ""H4"": 3, ""H6"": 143}","{""P5"": [74, null]}",逐格候选已读取；外围是否截断尚未证明，未读清格不计为零；第 4 行有 8 格未读清或色号不在 MARD 221 内，未计入，请放大核对；第 5 行有 14 格未读清或色号不在 MARD 221 内，未计入，请放大核对；第 6 行有 10 格未读清或色号不在 MARD 221 内，未计入，请放大核对；第 7 行有 6 格未读清或色号不在 MARD 221 内，未计入，请放大核对；第 8 行有 6 格未读清或色号不在 MARD 221 内，未计入，请放大核对；第 9 行有 4 格未读清或色号不在 MARD 221 内，未计入，请放大核对；第 10 行有 4 格未读清或色号不在 MARD 221 内，未计入，请放大核对；第 11 行有 6 格未读清或色号不在 MARD 221 内，未计入，请放大核对；第 12 行有 6 格未读清或色号不在 MARD 221 内，未计入，请放大核对；第 13 行有 4 格未读清或色号不在 MARD 221 内，未计入，请放大核对；第 14 行有 4 格未读清或色号不在 MARD 221 内，未计入，请放大核对；第 15 行有 2 格未读清或色号不在 MARD 221 内，未计入，请放大核对,not-performed,not-measured
new37,N03,pattern,https://www.pixelbead.art/zh/patterns/butterfly,right,"P2,P5,P9,R13,R21,R3",True,pixel-glyph-0.12.0-dev,partial,grid,False,False,659,2.396,172.21,"{""B26"": 1, ""G10"": 33, ""G14"": 47, ""G17"": 9, ""G21"": 3, ""H11"": 1, ""H14"": 5, ""H15"": 5, ""H2"": 8, ""H20"": 7, ""H3"": 2, ""H4"": 5, ""H5"": 202, ""H6"": 34, ""H9"": 5, ""M1"": 1, ""M15"": 37, ""M3"": 249, ""M9"": 5}","{""P2"": [3, null], ""P5"": [12, null], ""P9"": [2, null], ""R13"": [174, null], ""R21"": [58, null], ""R3"": [238, null]}",逐格候选已读取；外围是否截断尚未证明，未读清格不计为零；第 11 行有 1 格未读清或色号不在 MARD 221 内，未计入，请放大核对；第 12 行有 3 格未读清或色号不在 MARD 221 内，未计入，请放大核对；第 13 行有 5 格未读清或色号不在 MARD 221 内，未计入，请放大核对；第 14 行有 2 格未读清或色号不在 MARD 221 内，未计入，请放大核对；第 15 行有 2 格未读清或色号不在 MARD 221 内，未计入，请放大核对；第 16 行有 3 格未读清或色号不在 MARD 221 内，未计入，请放大核对；第 17 行有 5 格未读清或色号不在 MARD 221 内，未计入，请放大核对；第 18 行有 7 格未读清或色号不在 MARD 221 内，未计入，请放大核对；第 19 行有 16 格未读清或色号不在 MARD 221 内，未计入，请放大核对；第 20 行有 16 格未读清或色号不在 MARD 221 内，未计入，请放大核对；第 21 行有 16 格未读清或色号不在 MARD 221 内，未计入，请放大核对；第 22 行有 15 格未读清或色号不在 MARD 221 内，未计入，请放大核对；第 23 行有 20 格未读清或色号不在 MARD 221 内，未计入，请放大核对；第 24 行有 22 格未读清或色号不在 MARD 221 内，未计入，请放大核对；第 25 行有 26 格未读清或色号不在 MARD 221 内，未计入，请放大核对；第 26 行有 22 格未读清或色号不在 MARD 221 内，未计入，请放大核对；第 27 行有 24 格未读清或色号不在 MARD 221 内，未计入，请放大核对；第 28 行有 14 格未读清或色号不在 MARD 221 内，未计入，请放大核对；第 29 行有 16 格未读清或色号不在 MARD 221 内，未计入，请放大核对；第 30 行有 12 格未读清或色号不在 MARD 221 内，未计入，请放大核对；第 31 行有 20 格未读清或色号不在 MARD 221 内，未计入，请放大核对；第 32 行有 23 格未读清或色号不在 MARD 221 内，未计入，请放大核对；第 33 行有 23 格未读清或色号不在 MARD 221 内，未计入，请放大核对；第 34 行有 22 格未读,not-performed,not-measured
new37,N04,pattern,https://www.pixelbead.art/zh/patterns/bunny-with-carrot,right,"P3,P5,R27",True,pixel-glyph-0.12.0-dev,partial,grid,False,False,1578,2.629,169.86,"{""B8"": 59, ""F22"": 116, ""H18"": 743, ""H6"": 660}","{""P3"": [5, null], ""P5"": [107, null], ""R27"": [2, null]}",逐格候选已读取；外围是否截断尚未证明，未读清格不计为零；第 36 行有 2 格未读清或色号不在 MARD 221 内，未计入，请放大核对；第 38 行有 2 格未读清或色号不在 MARD 221 内，未计入，请放大核对；第 40 行有 2 格未读清或色号不在 MARD 221 内，未计入，请放大核对；第 41 行有 1 格未读清或色号不在 MARD 221 内，未计入，请放大核对；第 45 行有 1 格未读清或色号不在 MARD 221 内，未计入，请放大核对；第 46 行有 5 格未读清或色号不在 MARD 221 内，未计入，请放大核对；第 47 行有 6 格未读清或色号不在 MARD 221 内，未计入，请放大核对；第 48 行有 6 格未读清或色号不在 MARD 221 内，未计入，请放大核对；第 49 行有 6 格未读清或色号不在 MARD 221 内，未计入，请放大核对；第 50 行有 6 格未读清或色号不在 MARD 221 内，未计入，请放大核对；第 51 行有 8 格未读清或色号不在 MARD 221 内，未计入，请放大核对；第 52 行有 9 格未读清或色号不在 MARD 221 内，未计入，请放大核对；第 53 行有 9 格未读清或色号不在 MARD 221 内，未计入，请放大核对；第 54 行有 9 格未读清或色号不在 MARD 221 内，未计入，请放大核对；第 55 行有 9 格未读清或色号不在 MARD 221 内，未计入，请放大核对；第 56 行有 9 格未读清或色号不在 MARD 221 内，未计入，请放大核对；第 57 行有 9 格未读清或色号不在 MARD 221 内，未计入，请放大核对；第 58 行有 8 格未读清或色号不在 MARD 221 内，未计入，请放大核对；第 59 行有 6 格未读清或色号不在 MARD 221 内，未计入，请放大核对；第 60 行有 1 格未读清或色号不在 MARD 221 内，未计入，请放大核对,not-performed,not-measured
new37,N05,pattern,https://www.pixelbead.art/zh/patterns/cute-dog,right,"P11,P7,R13,ZG2",True,pixel-glyph-0.12.0-dev,partial,grid,False,False,584,2.651,170.71,"{""E4"": 12, ""E5"": 10, ""F17"": 10, ""F18"": 8, ""G13"": 31, ""G14"": 26, ""G16"": 32, ""G17"": 284, ""G18"": 33, ""G3"": 22, ""G7"": 20, ""H5"": 4, ""H6"": 47, ""M14"": 19, ""M15"": 11, ""M4"": 5, ""M5"": 2, ""M7"": 8}","{""F18"": [10, 8], ""M14"": [27, 19], ""P11"": [499, null], ""P7"": [69, null], ""R13"": [16, null], ""ZG2"": [6, null]}",逐格候选已读取；外围是否截断尚未证明，未读清格不计为零；第 8 行有 1 格未读清或色号不在 MARD 221 内，未计入，请放大核对；第 9 行有 12 格未读清或色号不在 MARD 221 内，未计入，请放大核对；第 10 行有 15 格未读清或色号不在 MARD 221 内，未计入，请放大核对；第 11 行有 17 格未读清或色号不在 MARD 221 内，未计入，请放大核对；第 12 行有 18 格未读清或色号不在 MARD 221 内，未计入，请放大核对；第 13 行有 19 格未读清或色号不在 MARD 221 内，未计入，请放大核对；第 14 行有 20 格未读清或色号不在 MARD 221 内，未计入，请放大核对；第 15 行有 20 格未读清或色号不在 MARD 221 内，未计入，请放大核对；第 16 行有 21 格未读清或色号不在 MARD 221 内，未计入，请放大核对；第 17 行有 23 格未读清或色号不在 MARD 221 内，未计入，请放大核对；第 18 行有 23 格未读清或色号不在 MARD 221 内，未计入，请放大核对；第 19 行有 22 格未读清或色号不在 MARD 221 内，未计入，请放大核对；第 20 行有 19 格未读清或色号不在 MARD 221 内，未计入，请放大核对；第 21 行有 21 格未读清或色号不在 MARD 221 内，未计入，请放大核对；第 22 行有 22 格未读清或色号不在 MARD 221 内，未计入，请放大核对；第 23 行有 20 格未读清或色号不在 MARD 221 内，未计入，请放大核对；第 24 行有 16 格未读清或色号不在 MARD 221 内，未计入，请放大核对；第 25 行有 17 格未读清或色号不在 MARD 221 内，未计入，请放大核对；第 26 行有 17 格未读清或色号不在 MARD 221 内，未计入，请放大核对；第 27 行有 21 格未读清或色号不在 MARD 221 内，未计入，请放大核对；第 28 行有 21 格未读清或色号不在 MARD 221 内，未计入，请放大核对；第 29 行有 28 格未读清或色号不在 MARD 221 内，未计入，请放大核对；第 30 行有 20 格未读清或色号不在 MARD 221 内，未计入，请放大核对；第 31 行有 1,not-performed,not-measured
new37,N06,pattern,https://www.pixelbead.art/zh/patterns/christmas-tree,right,"P4,P8,R10,R5,ZG3",True,pixel-glyph-0.12.0-dev,partial,grid,False,False,628,2.199,170.16,"{""A17"": 2, ""A24"": 4, ""A26"": 41, ""A5"": 21, ""A8"": 3, ""B11"": 11, ""B12"": 3, ""B14"": 3, ""B17"": 34, ""B29"": 4, ""B8"": 400, ""E14"": 11, ""F24"": 2, ""F25"": 22, ""F5"": 6, ""G14"": 43, ""H11"": 10, ""M14"": 2, ""M9"": 6}","{""M14"": [4, 2], ""P4"": [6, null], ""P8"": [3, null], ""R10"": [2, null], ""R5"": [233, null], ""ZG3"": [7, null]}",逐格候选已读取；外围是否截断尚未证明，未读清格不计为零；第 1 行有 2 格未读清或色号不在 MARD 221 内，未计入，请放大核对；第 2 行有 2 格未读清或色号不在 MARD 221 内，未计入，请放大核对；第 3 行有 2 格未读清或色号不在 MARD 221 内，未计入，请放大核对；第 4 行有 3 格未读清或色号不在 MARD 221 内，未计入，请放大核对；第 5 行有 3 格未读清或色号不在 MARD 221 内，未计入，请放大核对；第 6 行有 2 格未读清或色号不在 MARD 221 内，未计入，请放大核对；第 7 行有 2 格未读清或色号不在 MARD 221 内，未计入，请放大核对；第 8 行有 6 格未读清或色号不在 MARD 221 内，未计入，请放大核对；第 9 行有 9 格未读清或色号不在 MARD 221 内，未计入，请放大核对；第 10 行有 8 格未读清或色号不在 MARD 221 内，未计入，请放大核对；第 11 行有 9 格未读清或色号不在 MARD 221 内，未计入，请放大核对；第 12 行有 12 格未读清或色号不在 MARD 221 内，未计入，请放大核对；第 13 行有 11 格未读清或色号不在 MARD 221 内，未计入，请放大核对；第 14 行有 11 格未读清或色号不在 MARD 221 内，未计入，请放大核对；第 15 行有 7 格未读清或色号不在 MARD 221 内，未计入，请放大核对；第 16 行有 5 格未读清或色号不在 MARD 221 内，未计入，请放大核对；第 17 行有 6 格未读清或色号不在 MARD 221 内，未计入，请放大核对；第 18 行有 3 格未读清或色号不在 MARD 221 内，未计入，请放大核对；第 19 行有 7 格未读清或色号不在 MARD 221 内，未计入，请放大核对；第 20 行有 14 格未读清或色号不在 MARD 221 内，未计入，请放大核对；第 21 行有 15 格未读清或色号不在 MARD 221 内，未计入，请放大核对；第 22 行有 12 格未读清或色号不在 MARD 221 内，未计入，请放大核对；第 23 行有 4 格未读清或色号不在 MARD 221 内，未计入，请放大核对；第 24 行有 1 格未读清或色号不在 MARD 221 内，未,not-performed,not-measured
new37,N07,pattern,https://www.pixelbead.art/zh/patterns/funny-open-mouth-cat,right,,True,pixel-glyph-0.12.0-dev,partial,grid,True,True,864,1.454,154.46,"{""E4"": 8, ""F11"": 46, ""F21"": 31, ""F5"": 15, ""F6"": 34, ""G11"": 64, ""H19"": 503, ""H7"": 124, ""M13"": 38, ""M7"": 1}",{},逐格候选已读取；外围是否截断尚未证明，未读清格不计为零,not-performed,not-measured
new37,N08,pattern,https://www.pixelbead.art/zh/patterns/golden-haired-asteroid-prince,right,"P16,P8",True,pixel-glyph-0.12.0-dev,partial,grid,False,False,857,1.958,170.66,"{""A17"": 9, ""A26"": 26, ""B12"": 56, ""B32"": 38, ""B8"": 45, ""C16"": 25, ""F25"": 25, ""F7"": 6, ""G11"": 34, ""G17"": 27, ""G3"": 66, ""H6"": 286, ""M15"": 45, ""M6"": 169}","{""P16"": [28, null], ""P8"": [16, null]}",逐格候选已读取；外围是否截断尚未证明，未读清格不计为零；第 1 行有 2 格未读清或色号不在 MARD 221 内，未计入，请放大核对；第 2 行有 2 格未读清或色号不在 MARD 221 内，未计入，请放大核对；第 3 行有 2 格未读清或色号不在 MARD 221 内，未计入，请放大核对；第 4 行有 2 格未读清或色号不在 MARD 221 内，未计入，请放大核对；第 5 行有 2 格未读清或色号不在 MARD 221 内，未计入，请放大核对；第 6 行有 3 格未读清或色号不在 MARD 221 内，未计入，请放大核对；第 7 行有 2 格未读清或色号不在 MARD 221 内，未计入，请放大核对；第 8 行有 3 格未读清或色号不在 MARD 221 内，未计入，请放大核对；第 9 行有 5 格未读清或色号不在 MARD 221 内，未计入，请放大核对；第 10 行有 5 格未读清或色号不在 MARD 221 内，未计入，请放大核对；第 11 行有 3 格未读清或色号不在 MARD 221 内，未计入，请放大核对；第 12 行有 2 格未读清或色号不在 MARD 221 内，未计入，请放大核对；第 13 行有 2 格未读清或色号不在 MARD 221 内，未计入，请放大核对；第 14 行有 2 格未读清或色号不在 MARD 221 内，未计入，请放大核对；第 15 行有 2 格未读清或色号不在 MARD 221 内，未计入，请放大核对；第 16 行有 1 格未读清或色号不在 MARD 221 内，未计入，请放大核对；第 17 行有 1 格未读清或色号不在 MARD 221 内，未计入，请放大核对；第 18 行有 1 格未读清或色号不在 MARD 221 内，未计入，请放大核对；第 19 行有 1 格未读清或色号不在 MARD 221 内，未计入，请放大核对；第 20 行有 9 格未读清或色号不在 MARD 221 内，未计入，请放大核对；第 21 行有 18 格未读清或色号不在 MARD 221 内，未计入，请放大核对；第 22 行有 4 格未读清或色号不在 MARD 221 内，未计入，请放大核对；第 23 行有 2 格未读清或色号不在 MARD 221 内，未计入，请放大核对；第 24 行有 1 格未读清或色号不在 MARD 221 内，未计入，请放,not-performed,not-measured
new37,N09,pattern,https://www.bitbead.app/zh/library/10000000-0000-4000-8000-000000001432,grid-labels-without-legend,,True,pixel-glyph-0.12.0-dev,partial,grid,True,True,1432,0.5,110.45,"{""C20"": 268, ""F13"": 315, ""F15"": 136, ""F17"": 90, ""G11"": 88, ""H2"": 61, ""H7"": 408, ""M6"": 66}",{},逐格候选已读取；外围是否截断尚未证明，未读清格不计为零；第 1 行有 50 格未读清或色号不在 MARD 221 内，未计入，请放大核对；第 2 行有 45 格未读清或色号不在 MARD 221 内，未计入，请放大核对；第 3 行有 32 格未读清或色号不在 MARD 221 内，未计入，请放大核对；第 4 行有 24 格未读清或色号不在 MARD 221 内，未计入，请放大核对；第 5 行有 20 格未读清或色号不在 MARD 221 内，未计入，请放大核对；第 6 行有 18 格未读清或色号不在 MARD 221 内，未计入，请放大核对；第 7 行有 16 格未读清或色号不在 MARD 221 内，未计入，请放大核对；第 8 行有 16 格未读清或色号不在 MARD 221 内，未计入，请放大核对；第 9 行有 15 格未读清或色号不在 MARD 221 内，未计入，请放大核对；第 10 行有 13 格未读清或色号不在 MARD 221 内，未计入，请放大核对；第 11 行有 12 格未读清或色号不在 MARD 221 内，未计入，请放大核对；第 12 行有 12 格未读清或色号不在 MARD 221 内，未计入，请放大核对；第 13 行有 10 格未读清或色号不在 MARD 221 内，未计入，请放大核对；第 14 行有 10 格未读清或色号不在 MARD 221 内，未计入，请放大核对；第 15 行有 12 格未读清或色号不在 MARD 221 内，未计入，请放大核对；第 16 行有 11 格未读清或色号不在 MARD 221 内，未计入，请放大核对；第 17 行有 12 格未读清或色号不在 MARD 221 内，未计入，请放大核对；第 18 行有 13 格未读清或色号不在 MARD 221 内，未计入，请放大核对；第 19 行有 15 格未读清或色号不在 MARD 221 内，未计入，请放大核对；第 20 行有 18 格未读清或色号不在 MARD 221 内，未计入，请放大核对；第 21 行有 19 格未读清或色号不在 MARD 221 内，未计入，请放大核对；第 22 行有 17 格未读清或色号不在 MARD 221 内，未计入，请放大核对；第 23 行有 15 格未读清或色号不在 MARD 221 内，未计入，请放大核对；第 24 行有 14 格未读清,not-performed,not-measured
new37,N10,pattern,https://www.bitbead.app/zh/library/10000000-0000-4000-8000-000000001433,grid-labels-without-legend,,True,pixel-glyph-0.12.0-dev,partial,grid,True,True,73,0.081,73.36,"{""A4"": 38, ""A7"": 4, ""H7"": 31}",{},逐格候选已读取；外围是否截断尚未证明，未读清格不计为零；第 1 行有 12 格未读清或色号不在 MARD 221 内，未计入，请放大核对；第 2 行有 9 格未读清或色号不在 MARD 221 内，未计入，请放大核对；第 3 行有 7 格未读清或色号不在 MARD 221 内，未计入，请放大核对；第 4 行有 5 格未读清或色号不在 MARD 221 内，未计入，请放大核对；第 5 行有 5 格未读清或色号不在 MARD 221 内，未计入，请放大核对；第 6 行有 3 格未读清或色号不在 MARD 221 内，未计入，请放大核对；第 7 行有 2 格未读清或色号不在 MARD 221 内，未计入，请放大核对；第 8 行有 3 格未读清或色号不在 MARD 221 内，未计入，请放大核对；第 9 行有 3 格未读清或色号不在 MARD 221 内，未计入，请放大核对；第 10 行有 4 格未读清或色号不在 MARD 221 内，未计入，请放大核对；第 11 行有 6 格未读清或色号不在 MARD 221 内，未计入，请放大核对；第 12 行有 12 格未读清或色号不在 MARD 221 内，未计入，请放大核对,not-performed,not-measured
new37,N11,pattern,https://www.bitbead.app/zh/library/10000000-0000-4000-8000-000000001434,grid-labels-without-legend,,True,pixel-glyph-0.12.0-dev,partial,grid,True,True,395,0.209,82.59,"{""A4"": 19, ""D3"": 52, ""E1"": 4, ""F5"": 18, ""H2"": 176, ""H7"": 126}",{},逐格候选已读取；外围是否截断尚未证明，未读清格不计为零；第 1 行有 20 格未读清或色号不在 MARD 221 内，未计入，请放大核对；第 2 行有 20 格未读清或色号不在 MARD 221 内，未计入，请放大核对；第 3 行有 12 格未读清或色号不在 MARD 221 内，未计入，请放大核对；第 4 行有 4 格未读清或色号不在 MARD 221 内，未计入，请放大核对；第 5 行有 4 格未读清或色号不在 MARD 221 内，未计入，请放大核对；第 6 行有 4 格未读清或色号不在 MARD 221 内，未计入，请放大核对；第 7 行有 3 格未读清或色号不在 MARD 221 内，未计入，请放大核对；第 8 行有 3 格未读清或色号不在 MARD 221 内，未计入，请放大核对；第 9 行有 3 格未读清或色号不在 MARD 221 内，未计入，请放大核对；第 10 行有 3 格未读清或色号不在 MARD 221 内，未计入，请放大核对；第 11 行有 2 格未读清或色号不在 MARD 221 内，未计入，请放大核对；第 12 行有 3 格未读清或色号不在 MARD 221 内，未计入，请放大核对；第 13 行有 2 格未读清或色号不在 MARD 221 内，未计入，请放大核对；第 14 行有 3 格未读清或色号不在 MARD 221 内，未计入，请放大核对；第 15 行有 4 格未读清或色号不在 MARD 221 内，未计入，请放大核对；第 16 行有 4 格未读清或色号不在 MARD 221 内，未计入，请放大核对；第 17 行有 9 格未读清或色号不在 MARD 221 内，未计入，请放大核对；第 18 行有 7 格未读清或色号不在 MARD 221 内，未计入，请放大核对；第 19 行有 5 格未读清或色号不在 MARD 221 内，未计入，请放大核对；第 20 行有 4 格未读清或色号不在 MARD 221 内，未计入，请放大核对；第 21 行有 4 格未读清或色号不在 MARD 221 内，未计入，请放大核对；第 22 行有 5 格未读清或色号不在 MARD 221 内，未计入，请放大核对；第 23 行有 7 格未读清或色号不在 MARD 221 内，未计入，请放大核对；第 24 行有 7 格未读清或色号不在 MARD 221 内，未计入，,not-performed,not-measured
new37,N12,pattern,https://www.bitbead.app/zh/library/10000000-0000-4000-8000-000000001435,grid-labels-without-legend,,True,pixel-glyph-0.12.0-dev,partial,grid,True,True,1220,0.577,105.13,"{""A12"": 4, ""A13"": 15, ""A19"": 7, ""A23"": 151, ""A26"": 1, ""A6"": 2, ""C16"": 112, ""C20"": 7, ""C6"": 28, ""C7"": 87, ""D4"": 97, ""E23"": 23, ""F14"": 91, ""F7"": 5, ""H18"": 2, ""H2"": 30, ""H3"": 136, ""H7"": 417, ""M8"": 5}",{},逐格候选已读取；外围是否截断尚未证明，未读清格不计为零；第 1 行有 44 格未读清或色号不在 MARD 221 内，未计入，请放大核对；第 2 行有 34 格未读清或色号不在 MARD 221 内，未计入，请放大核对；第 3 行有 30 格未读清或色号不在 MARD 221 内，未计入，请放大核对；第 4 行有 26 格未读清或色号不在 MARD 221 内，未计入，请放大核对；第 5 行有 24 格未读清或色号不在 MARD 221 内，未计入，请放大核对；第 6 行有 22 格未读清或色号不在 MARD 221 内，未计入，请放大核对；第 7 行有 20 格未读清或色号不在 MARD 221 内，未计入，请放大核对；第 8 行有 16 格未读清或色号不在 MARD 221 内，未计入，请放大核对；第 9 行有 15 格未读清或色号不在 MARD 221 内，未计入，请放大核对；第 10 行有 15 格未读清或色号不在 MARD 221 内，未计入，请放大核对；第 11 行有 16 格未读清或色号不在 MARD 221 内，未计入，请放大核对；第 12 行有 16 格未读清或色号不在 MARD 221 内，未计入，请放大核对；第 13 行有 18 格未读清或色号不在 MARD 221 内，未计入，请放大核对；第 14 行有 18 格未读清或色号不在 MARD 221 内，未计入，请放大核对；第 15 行有 17 格未读清或色号不在 MARD 221 内，未计入，请放大核对；第 16 行有 13 格未读清或色号不在 MARD 221 内，未计入，请放大核对；第 17 行有 9 格未读清或色号不在 MARD 221 内，未计入，请放大核对；第 18 行有 7 格未读清或色号不在 MARD 221 内，未计入，请放大核对；第 19 行有 6 格未读清或色号不在 MARD 221 内，未计入，请放大核对；第 20 行有 7 格未读清或色号不在 MARD 221 内，未计入，请放大核对；第 21 行有 7 格未读清或色号不在 MARD 221 内，未计入，请放大核对；第 22 行有 7 格未读清或色号不在 MARD 221 内，未计入，请放大核对；第 23 行有 7 格未读清或色号不在 MARD 221 内，未计入，请放大核对；第 24 行有 8 格未读清或色号不在 MA,not-performed,not-measured
new37,N13,pattern,https://www.bitbead.app/zh/library/10000000-0000-4000-8000-000000001436,grid-labels-without-legend,,True,pixel-glyph-0.12.0-dev,partial,grid,True,True,1075,0.496,103.19,"{""A14"": 325, ""B16"": 6, ""B17"": 85, ""D4"": 8, ""D7"": 6, ""F11"": 10, ""F13"": 34, ""F3"": 63, ""F5"": 9, ""F6"": 34, ""F7"": 4, ""F8"": 9, ""G1"": 231, ""G9"": 3, ""H16"": 4, ""H2"": 1, ""H7"": 243}",{},逐格候选已读取；外围是否截断尚未证明，未读清格不计为零；第 1 行有 44 格未读清或色号不在 MARD 221 内，未计入，请放大核对；第 2 行有 42 格未读清或色号不在 MARD 221 内，未计入，请放大核对；第 3 行有 39 格未读清或色号不在 MARD 221 内，未计入，请放大核对；第 4 行有 38 格未读清或色号不在 MARD 221 内，未计入，请放大核对；第 5 行有 35 格未读清或色号不在 MARD 221 内，未计入，请放大核对；第 6 行有 29 格未读清或色号不在 MARD 221 内，未计入，请放大核对；第 7 行有 25 格未读清或色号不在 MARD 221 内，未计入，请放大核对；第 8 行有 22 格未读清或色号不在 MARD 221 内，未计入，请放大核对；第 9 行有 19 格未读清或色号不在 MARD 221 内，未计入，请放大核对；第 10 行有 11 格未读清或色号不在 MARD 221 内，未计入，请放大核对；第 11 行有 11 格未读清或色号不在 MARD 221 内，未计入，请放大核对；第 12 行有 12 格未读清或色号不在 MARD 221 内，未计入，请放大核对；第 13 行有 12 格未读清或色号不在 MARD 221 内，未计入，请放大核对；第 14 行有 12 格未读清或色号不在 MARD 221 内，未计入，请放大核对；第 15 行有 14 格未读清或色号不在 MARD 221 内，未计入，请放大核对；第 16 行有 14 格未读清或色号不在 MARD 221 内，未计入，请放大核对；第 17 行有 14 格未读清或色号不在 MARD 221 内，未计入，请放大核对；第 18 行有 14 格未读清或色号不在 MARD 221 内，未计入，请放大核对；第 19 行有 14 格未读清或色号不在 MARD 221 内，未计入，请放大核对；第 20 行有 15 格未读清或色号不在 MARD 221 内，未计入，请放大核对；第 21 行有 12 格未读清或色号不在 MARD 221 内，未计入，请放大核对；第 22 行有 11 格未读清或色号不在 MARD 221 内，未计入，请放大核对；第 23 行有 11 格未读清或色号不在 MARD 221 内，未计入，请放大核对；第 24 行有 12 格未读清,not-performed,not-measured
new37,N14,pattern,https://www.bitbead.app/zh/library/10000000-0000-4000-8000-000000001437,grid-labels-without-legend,,True,pixel-glyph-0.12.0-dev,partial,grid,True,True,2118,0.535,119.15,"{""F19"": 9, ""G2"": 477, ""G21"": 40, ""H16"": 10, ""H2"": 724, ""H3"": 168, ""H4"": 67, ""H7"": 623}",{},逐格候选已读取；外围是否截断尚未证明，未读清格不计为零；第 1 行有 57 格未读清或色号不在 MARD 221 内，未计入，请放大核对；第 2 行有 57 格未读清或色号不在 MARD 221 内，未计入，请放大核对；第 3 行有 57 格未读清或色号不在 MARD 221 内，未计入，请放大核对；第 4 行有 25 格未读清或色号不在 MARD 221 内，未计入，请放大核对；第 5 行有 16 格未读清或色号不在 MARD 221 内，未计入，请放大核对；第 6 行有 13 格未读清或色号不在 MARD 221 内，未计入，请放大核对；第 7 行有 12 格未读清或色号不在 MARD 221 内，未计入，请放大核对；第 8 行有 10 格未读清或色号不在 MARD 221 内，未计入，请放大核对；第 9 行有 9 格未读清或色号不在 MARD 221 内，未计入，请放大核对；第 10 行有 10 格未读清或色号不在 MARD 221 内，未计入，请放大核对；第 11 行有 9 格未读清或色号不在 MARD 221 内，未计入，请放大核对；第 12 行有 8 格未读清或色号不在 MARD 221 内，未计入，请放大核对；第 13 行有 8 格未读清或色号不在 MARD 221 内，未计入，请放大核对；第 14 行有 8 格未读清或色号不在 MARD 221 内，未计入，请放大核对；第 15 行有 9 格未读清或色号不在 MARD 221 内，未计入，请放大核对；第 16 行有 8 格未读清或色号不在 MARD 221 内，未计入，请放大核对；第 17 行有 8 格未读清或色号不在 MARD 221 内，未计入，请放大核对；第 18 行有 9 格未读清或色号不在 MARD 221 内，未计入，请放大核对；第 19 行有 10 格未读清或色号不在 MARD 221 内，未计入，请放大核对；第 20 行有 11 格未读清或色号不在 MARD 221 内，未计入，请放大核对；第 21 行有 11 格未读清或色号不在 MARD 221 内，未计入，请放大核对；第 22 行有 8 格未读清或色号不在 MARD 221 内，未计入，请放大核对；第 23 行有 8 格未读清或色号不在 MARD 221 内，未计入，请放大核对；第 24 行有 8 格未读清或色号不在 MARD 2,not-performed,not-measured
new37,N15,pattern,https://www.bitbead.app/zh/library/10000000-0000-4000-8000-000000001438,grid-labels-without-legend,,True,pixel-glyph-0.12.0-dev,partial,grid,True,True,472,0.346,90.5,"{""A4"": 64, ""A6"": 50, ""F10"": 2, ""G13"": 14, ""G5"": 30, ""G7"": 19, ""G8"": 2, ""G9"": 22, ""H2"": 6, ""H3"": 120, ""H4"": 99, ""H5"": 39, ""H7"": 5}",{},逐格候选已读取；外围是否截断尚未证明，未读清格不计为零；第 1 行有 33 格未读清或色号不在 MARD 221 内，未计入，请放大核对；第 2 行有 33 格未读清或色号不在 MARD 221 内，未计入，请放大核对；第 3 行有 31 格未读清或色号不在 MARD 221 内，未计入，请放大核对；第 4 行有 31 格未读清或色号不在 MARD 221 内，未计入，请放大核对；第 5 行有 30 格未读清或色号不在 MARD 221 内，未计入，请放大核对；第 6 行有 30 格未读清或色号不在 MARD 221 内，未计入，请放大核对；第 7 行有 27 格未读清或色号不在 MARD 221 内，未计入，请放大核对；第 8 行有 24 格未读清或色号不在 MARD 221 内，未计入，请放大核对；第 9 行有 21 格未读清或色号不在 MARD 221 内，未计入，请放大核对；第 10 行有 19 格未读清或色号不在 MARD 221 内，未计入，请放大核对；第 11 行有 17 格未读清或色号不在 MARD 221 内，未计入，请放大核对；第 12 行有 15 格未读清或色号不在 MARD 221 内，未计入，请放大核对；第 13 行有 15 格未读清或色号不在 MARD 221 内，未计入，请放大核对；第 14 行有 15 格未读清或色号不在 MARD 221 内，未计入，请放大核对；第 15 行有 14 格未读清或色号不在 MARD 221 内，未计入，请放大核对；第 16 行有 14 格未读清或色号不在 MARD 221 内，未计入，请放大核对；第 17 行有 15 格未读清或色号不在 MARD 221 内，未计入，请放大核对；第 18 行有 16 格未读清或色号不在 MARD 221 内，未计入，请放大核对；第 19 行有 17 格未读清或色号不在 MARD 221 内，未计入，请放大核对；第 20 行有 18 格未读清或色号不在 MARD 221 内，未计入，请放大核对；第 21 行有 20 格未读清或色号不在 MARD 221 内，未计入，请放大核对；第 22 行有 20 格未读清或色号不在 MARD 221 内，未计入，请放大核对；第 23 行有 20 格未读清或色号不在 MARD 221 内，未计入，请放大核对；第 24 行有 17 格未读清,not-performed,not-measured
new37,N16,pattern,https://www.bitbead.app/zh/library/10000000-0000-4000-8000-000000001439,grid-labels-without-legend,,True,pixel-glyph-0.12.0-dev,partial,grid,True,True,1095,0.409,112.96,"{""F15"": 17, ""F7"": 3, ""F8"": 1, ""G11"": 379, ""H16"": 4, ""H2"": 418, ""H7"": 273}",{},逐格候选已读取；外围是否截断尚未证明，未读清格不计为零；第 1 行有 52 格未读清或色号不在 MARD 221 内，未计入，请放大核对；第 2 行有 52 格未读清或色号不在 MARD 221 内，未计入，请放大核对；第 3 行有 52 格未读清或色号不在 MARD 221 内，未计入，请放大核对；第 4 行有 52 格未读清或色号不在 MARD 221 内，未计入，请放大核对；第 5 行有 50 格未读清或色号不在 MARD 221 内，未计入，请放大核对；第 6 行有 45 格未读清或色号不在 MARD 221 内，未计入，请放大核对；第 7 行有 40 格未读清或色号不在 MARD 221 内，未计入，请放大核对；第 8 行有 32 格未读清或色号不在 MARD 221 内，未计入，请放大核对；第 9 行有 31 格未读清或色号不在 MARD 221 内，未计入，请放大核对；第 10 行有 31 格未读清或色号不在 MARD 221 内，未计入，请放大核对；第 11 行有 32 格未读清或色号不在 MARD 221 内，未计入，请放大核对；第 12 行有 33 格未读清或色号不在 MARD 221 内，未计入，请放大核对；第 13 行有 30 格未读清或色号不在 MARD 221 内，未计入，请放大核对；第 14 行有 28 格未读清或色号不在 MARD 221 内，未计入，请放大核对；第 15 行有 25 格未读清或色号不在 MARD 221 内，未计入，请放大核对；第 16 行有 24 格未读清或色号不在 MARD 221 内，未计入，请放大核对；第 17 行有 23 格未读清或色号不在 MARD 221 内，未计入，请放大核对；第 18 行有 22 格未读清或色号不在 MARD 221 内，未计入，请放大核对；第 19 行有 21 格未读清或色号不在 MARD 221 内，未计入，请放大核对；第 20 行有 16 格未读清或色号不在 MARD 221 内，未计入，请放大核对；第 21 行有 13 格未读清或色号不在 MARD 221 内，未计入，请放大核对；第 22 行有 13 格未读清或色号不在 MARD 221 内，未计入，请放大核对；第 23 行有 10 格未读清或色号不在 MARD 221 内，未计入，请放大核对；第 24 行有 8 格未读清或,not-performed,not-measured
new37,N17,pattern,https://www.bitbead.app/zh/library/10000000-0000-4000-8000-000000001449,grid-labels-without-legend,,True,pixel-glyph-0.12.0-dev,partial,grid,True,True,793,0.265,92.04,"{""A3"": 38, ""A4"": 56, ""A7"": 64, ""C10"": 57, ""D18"": 57, ""H2"": 6, ""H7"": 515}",{},逐格候选已读取；外围是否截断尚未证明，未读清格不计为零；第 1 行有 36 格未读清或色号不在 MARD 221 内，未计入，请放大核对；第 2 行有 33 格未读清或色号不在 MARD 221 内，未计入，请放大核对；第 3 行有 31 格未读清或色号不在 MARD 221 内，未计入，请放大核对；第 4 行有 29 格未读清或色号不在 MARD 221 内，未计入，请放大核对；第 5 行有 28 格未读清或色号不在 MARD 221 内，未计入，请放大核对；第 6 行有 28 格未读清或色号不在 MARD 221 内，未计入，请放大核对；第 7 行有 25 格未读清或色号不在 MARD 221 内，未计入，请放大核对；第 8 行有 20 格未读清或色号不在 MARD 221 内，未计入，请放大核对；第 9 行有 16 格未读清或色号不在 MARD 221 内，未计入，请放大核对；第 10 行有 12 格未读清或色号不在 MARD 221 内，未计入，请放大核对；第 11 行有 11 格未读清或色号不在 MARD 221 内，未计入，请放大核对；第 12 行有 11 格未读清或色号不在 MARD 221 内，未计入，请放大核对；第 13 行有 11 格未读清或色号不在 MARD 221 内，未计入，请放大核对；第 14 行有 11 格未读清或色号不在 MARD 221 内，未计入，请放大核对；第 15 行有 10 格未读清或色号不在 MARD 221 内，未计入，请放大核对；第 16 行有 9 格未读清或色号不在 MARD 221 内，未计入，请放大核对；第 17 行有 8 格未读清或色号不在 MARD 221 内，未计入，请放大核对；第 18 行有 7 格未读清或色号不在 MARD 221 内，未计入，请放大核对；第 19 行有 7 格未读清或色号不在 MARD 221 内，未计入，请放大核对；第 20 行有 6 格未读清或色号不在 MARD 221 内，未计入，请放大核对；第 21 行有 6 格未读清或色号不在 MARD 221 内，未计入，请放大核对；第 22 行有 6 格未读清或色号不在 MARD 221 内，未计入，请放大核对；第 23 行有 7 格未读清或色号不在 MARD 221 内，未计入，请放大核对；第 24 行有 7 格未读清或色号不在 MAR,not-performed,not-measured
new37,N18,pattern,https://www.bitbead.app/zh/library/10000000-0000-4000-8000-000000001450,grid-labels-without-legend,,True,pixel-glyph-0.12.0-dev,partial,grid,True,True,1700,0.594,124.37,"{""A5"": 104, ""D7"": 83, ""F14"": 711, ""F6"": 35, ""F9"": 195, ""G5"": 76, ""H2"": 54, ""H7"": 442}",{},逐格候选已读取；外围是否截断尚未证明，未读清格不计为零；第 1 行有 52 格未读清或色号不在 MARD 221 内，未计入，请放大核对；第 2 行有 48 格未读清或色号不在 MARD 221 内，未计入，请放大核对；第 3 行有 46 格未读清或色号不在 MARD 221 内，未计入，请放大核对；第 4 行有 44 格未读清或色号不在 MARD 221 内，未计入，请放大核对；第 5 行有 43 格未读清或色号不在 MARD 221 内，未计入，请放大核对；第 6 行有 42 格未读清或色号不在 MARD 221 内，未计入，请放大核对；第 7 行有 41 格未读清或色号不在 MARD 221 内，未计入，请放大核对；第 8 行有 40 格未读清或色号不在 MARD 221 内，未计入，请放大核对；第 9 行有 40 格未读清或色号不在 MARD 221 内，未计入，请放大核对；第 10 行有 40 格未读清或色号不在 MARD 221 内，未计入，请放大核对；第 11 行有 40 格未读清或色号不在 MARD 221 内，未计入，请放大核对；第 12 行有 39 格未读清或色号不在 MARD 221 内，未计入，请放大核对；第 13 行有 39 格未读清或色号不在 MARD 221 内，未计入，请放大核对；第 14 行有 39 格未读清或色号不在 MARD 221 内，未计入，请放大核对；第 15 行有 38 格未读清或色号不在 MARD 221 内，未计入，请放大核对；第 16 行有 38 格未读清或色号不在 MARD 221 内，未计入，请放大核对；第 17 行有 37 格未读清或色号不在 MARD 221 内，未计入，请放大核对；第 18 行有 37 格未读清或色号不在 MARD 221 内，未计入，请放大核对；第 19 行有 36 格未读清或色号不在 MARD 221 内，未计入，请放大核对；第 20 行有 34 格未读清或色号不在 MARD 221 内，未计入，请放大核对；第 21 行有 26 格未读清或色号不在 MARD 221 内，未计入，请放大核对；第 22 行有 21 格未读清或色号不在 MARD 221 内，未计入，请放大核对；第 23 行有 17 格未读清或色号不在 MARD 221 内，未计入，请放大核对；第 24 行有 14 格未读清,not-performed,not-measured
new37,N19,pattern,https://www.bitbead.app/zh/library/10000000-0000-4000-8000-000000001452,grid-labels-without-legend,,True,pixel-glyph-0.12.0-dev,partial,grid,True,True,1923,0.792,123.11,"{""A17"": 413, ""A20"": 190, ""A26"": 82, ""A6"": 107, ""A7"": 267, ""B27"": 72, ""B32"": 40, ""E14"": 4, ""G10"": 79, ""G19"": 86, ""G6"": 20, ""G7"": 49, ""H13"": 52, ""H16"": 462}",{},逐格候选已读取；外围是否截断尚未证明，未读清格不计为零；第 1 行有 62 格未读清或色号不在 MARD 221 内，未计入，请放大核对；第 2 行有 61 格未读清或色号不在 MARD 221 内，未计入，请放大核对；第 3 行有 61 格未读清或色号不在 MARD 221 内，未计入，请放大核对；第 4 行有 55 格未读清或色号不在 MARD 221 内，未计入，请放大核对；第 5 行有 47 格未读清或色号不在 MARD 221 内，未计入，请放大核对；第 6 行有 48 格未读清或色号不在 MARD 221 内，未计入，请放大核对；第 7 行有 44 格未读清或色号不在 MARD 221 内，未计入，请放大核对；第 8 行有 43 格未读清或色号不在 MARD 221 内，未计入，请放大核对；第 9 行有 44 格未读清或色号不在 MARD 221 内，未计入，请放大核对；第 10 行有 43 格未读清或色号不在 MARD 221 内，未计入，请放大核对；第 11 行有 41 格未读清或色号不在 MARD 221 内，未计入，请放大核对；第 12 行有 38 格未读清或色号不在 MARD 221 内，未计入，请放大核对；第 13 行有 31 格未读清或色号不在 MARD 221 内，未计入，请放大核对；第 14 行有 30 格未读清或色号不在 MARD 221 内，未计入，请放大核对；第 15 行有 31 格未读清或色号不在 MARD 221 内，未计入，请放大核对；第 16 行有 30 格未读清或色号不在 MARD 221 内，未计入，请放大核对；第 17 行有 29 格未读清或色号不在 MARD 221 内，未计入，请放大核对；第 18 行有 28 格未读清或色号不在 MARD 221 内，未计入，请放大核对；第 19 行有 28 格未读清或色号不在 MARD 221 内，未计入，请放大核对；第 20 行有 28 格未读清或色号不在 MARD 221 内，未计入，请放大核对；第 21 行有 31 格未读清或色号不在 MARD 221 内，未计入，请放大核对；第 22 行有 30 格未读清或色号不在 MARD 221 内，未计入，请放大核对；第 23 行有 30 格未读清或色号不在 MARD 221 内，未计入，请放大核对；第 24 行有 26 格未读清,not-performed,not-measured
new37,N20,pattern,https://www.bitbead.app/zh/library/10000000-0000-4000-8000-000000001453,grid-labels-without-legend,,True,pixel-glyph-0.12.0-dev,partial,grid,True,True,271,0.188,85.3,"{""D11"": 1, ""F14"": 25, ""H11"": 84, ""H12"": 54, ""H5"": 27, ""H7"": 80}",{},逐格候选已读取；外围是否截断尚未证明，未读清格不计为零；第 1 行有 32 格未读清或色号不在 MARD 221 内，未计入，请放大核对；第 2 行有 32 格未读清或色号不在 MARD 221 内，未计入，请放大核对；第 3 行有 30 格未读清或色号不在 MARD 221 内，未计入，请放大核对；第 4 行有 29 格未读清或色号不在 MARD 221 内，未计入，请放大核对；第 5 行有 31 格未读清或色号不在 MARD 221 内，未计入，请放大核对；第 6 行有 29 格未读清或色号不在 MARD 221 内，未计入，请放大核对；第 7 行有 24 格未读清或色号不在 MARD 221 内，未计入，请放大核对；第 8 行有 17 格未读清或色号不在 MARD 221 内，未计入，请放大核对；第 9 行有 17 格未读清或色号不在 MARD 221 内，未计入，请放大核对；第 10 行有 18 格未读清或色号不在 MARD 221 内，未计入，请放大核对；第 11 行有 16 格未读清或色号不在 MARD 221 内，未计入，请放大核对；第 12 行有 16 格未读清或色号不在 MARD 221 内，未计入，请放大核对；第 13 行有 16 格未读清或色号不在 MARD 221 内，未计入，请放大核对；第 14 行有 14 格未读清或色号不在 MARD 221 内，未计入，请放大核对；第 15 行有 14 格未读清或色号不在 MARD 221 内，未计入，请放大核对；第 16 行有 18 格未读清或色号不在 MARD 221 内，未计入，请放大核对；第 17 行有 21 格未读清或色号不在 MARD 221 内，未计入，请放大核对；第 18 行有 18 格未读清或色号不在 MARD 221 内，未计入，请放大核对；第 19 行有 14 格未读清或色号不在 MARD 221 内，未计入，请放大核对；第 20 行有 13 格未读清或色号不在 MARD 221 内，未计入，请放大核对；第 21 行有 15 格未读清或色号不在 MARD 221 内，未计入，请放大核对；第 22 行有 17 格未读清或色号不在 MARD 221 内，未计入，请放大核对；第 23 行有 19 格未读清或色号不在 MARD 221 内，未计入，请放大核对；第 24 行有 27 格未读清,not-performed,not-measured
new37,N21,pattern,https://www.bitbead.app/zh/library/10000000-0000-4000-8000-000000001454,grid-labels-without-legend,,True,pixel-glyph-0.12.0-dev,partial,grid,True,True,403,0.542,82.66,"{""D16"": 108, ""H17"": 2, ""H20"": 110, ""H6"": 48, ""H7"": 135}",{},逐格候选已读取；外围是否截断尚未证明，未读清格不计为零；第 1 行有 26 格未读清或色号不在 MARD 221 内，未计入，请放大核对；第 2 行有 22 格未读清或色号不在 MARD 221 内，未计入，请放大核对；第 3 行有 14 格未读清或色号不在 MARD 221 内，未计入，请放大核对；第 4 行有 8 格未读清或色号不在 MARD 221 内，未计入，请放大核对；第 5 行有 8 格未读清或色号不在 MARD 221 内，未计入，请放大核对；第 6 行有 8 格未读清或色号不在 MARD 221 内，未计入，请放大核对；第 7 行有 8 格未读清或色号不在 MARD 221 内，未计入，请放大核对；第 8 行有 10 格未读清或色号不在 MARD 221 内，未计入，请放大核对；第 9 行有 8 格未读清或色号不在 MARD 221 内，未计入，请放大核对；第 10 行有 8 格未读清或色号不在 MARD 221 内，未计入，请放大核对；第 11 行有 8 格未读清或色号不在 MARD 221 内，未计入，请放大核对；第 12 行有 7 格未读清或色号不在 MARD 221 内，未计入，请放大核对；第 13 行有 8 格未读清或色号不在 MARD 221 内，未计入，请放大核对；第 14 行有 11 格未读清或色号不在 MARD 221 内，未计入，请放大核对；第 15 行有 9 格未读清或色号不在 MARD 221 内，未计入，请放大核对；第 16 行有 6 格未读清或色号不在 MARD 221 内，未计入，请放大核对；第 17 行有 7 格未读清或色号不在 MARD 221 内，未计入，请放大核对；第 18 行有 8 格未读清或色号不在 MARD 221 内，未计入，请放大核对；第 19 行有 7 格未读清或色号不在 MARD 221 内，未计入，请放大核对；第 20 行有 6 格未读清或色号不在 MARD 221 内，未计入，请放大核对；第 21 行有 7 格未读清或色号不在 MARD 221 内，未计入，请放大核对；第 22 行有 8 格未读清或色号不在 MARD 221 内，未计入，请放大核对；第 23 行有 9 格未读清或色号不在 MARD 221 内，未计入，请放大核对；第 24 行有 12 格未读清或色号不在 MARD 221 内，未,not-performed,not-measured
new37,N22,pattern,https://www.bitbead.app/zh/library/10000000-0000-4000-8000-000000001455,grid-labels-without-legend,,True,pixel-glyph-0.12.0-dev,partial,grid,True,True,842,0.353,97.55,"{""A10"": 103, ""B8"": 28, ""H2"": 504, ""H7"": 207}",{},逐格候选已读取；外围是否截断尚未证明，未读清格不计为零；第 1 行有 33 格未读清或色号不在 MARD 221 内，未计入，请放大核对；第 2 行有 33 格未读清或色号不在 MARD 221 内，未计入，请放大核对；第 3 行有 33 格未读清或色号不在 MARD 221 内，未计入，请放大核对；第 4 行有 30 格未读清或色号不在 MARD 221 内，未计入，请放大核对；第 5 行有 25 格未读清或色号不在 MARD 221 内，未计入，请放大核对；第 6 行有 21 格未读清或色号不在 MARD 221 内，未计入，请放大核对；第 7 行有 19 格未读清或色号不在 MARD 221 内，未计入，请放大核对；第 8 行有 18 格未读清或色号不在 MARD 221 内，未计入，请放大核对；第 9 行有 18 格未读清或色号不在 MARD 221 内，未计入，请放大核对；第 10 行有 17 格未读清或色号不在 MARD 221 内，未计入，请放大核对；第 11 行有 17 格未读清或色号不在 MARD 221 内，未计入，请放大核对；第 12 行有 18 格未读清或色号不在 MARD 221 内，未计入，请放大核对；第 13 行有 17 格未读清或色号不在 MARD 221 内，未计入，请放大核对；第 14 行有 17 格未读清或色号不在 MARD 221 内，未计入，请放大核对；第 15 行有 18 格未读清或色号不在 MARD 221 内，未计入，请放大核对；第 16 行有 18 格未读清或色号不在 MARD 221 内，未计入，请放大核对；第 17 行有 19 格未读清或色号不在 MARD 221 内，未计入，请放大核对；第 18 行有 20 格未读清或色号不在 MARD 221 内，未计入，请放大核对；第 19 行有 19 格未读清或色号不在 MARD 221 内，未计入，请放大核对；第 20 行有 18 格未读清或色号不在 MARD 221 内，未计入，请放大核对；第 21 行有 16 格未读清或色号不在 MARD 221 内，未计入，请放大核对；第 22 行有 14 格未读清或色号不在 MARD 221 内，未计入，请放大核对；第 23 行有 12 格未读清或色号不在 MARD 221 内，未计入，请放大核对；第 24 行有 12 格未读清,not-performed,not-measured
new37,N23,pattern,https://www.bitbead.app/zh/library/10000000-0000-4000-8000-000000001456,grid-labels-without-legend,,True,pixel-glyph-0.12.0-dev,partial,grid,True,True,200,0.214,78.11,"{""A23"": 2, ""B11"": 5, ""B15"": 1, ""B25"": 2, ""B32"": 1, ""B8"": 1, ""F11"": 19, ""G13"": 7, ""G17"": 4, ""G21"": 5, ""G7"": 11, ""G8"": 1, ""H23"": 67, ""H4"": 16, ""H6"": 55, ""M15"": 3}",{},逐格候选已读取；外围是否截断尚未证明，未读清格不计为零；第 1 行有 18 格未读清或色号不在 MARD 221 内，未计入，请放大核对；第 2 行有 13 格未读清或色号不在 MARD 221 内，未计入，请放大核对；第 3 行有 10 格未读清或色号不在 MARD 221 内，未计入，请放大核对；第 4 行有 5 格未读清或色号不在 MARD 221 内，未计入，请放大核对；第 5 行有 4 格未读清或色号不在 MARD 221 内，未计入，请放大核对；第 6 行有 3 格未读清或色号不在 MARD 221 内，未计入，请放大核对；第 7 行有 5 格未读清或色号不在 MARD 221 内，未计入，请放大核对；第 8 行有 6 格未读清或色号不在 MARD 221 内，未计入，请放大核对；第 9 行有 7 格未读清或色号不在 MARD 221 内，未计入，请放大核对；第 10 行有 6 格未读清或色号不在 MARD 221 内，未计入，请放大核对；第 11 行有 6 格未读清或色号不在 MARD 221 内，未计入，请放大核对；第 12 行有 4 格未读清或色号不在 MARD 221 内，未计入，请放大核对；第 13 行有 3 格未读清或色号不在 MARD 221 内，未计入，请放大核对；第 14 行有 3 格未读清或色号不在 MARD 221 内，未计入，请放大核对；第 15 行有 6 格未读清或色号不在 MARD 221 内，未计入，请放大核对；第 16 行有 8 格未读清或色号不在 MARD 221 内，未计入，请放大核对；第 17 行有 10 格未读清或色号不在 MARD 221 内，未计入，请放大核对；第 18 行有 13 格未读清或色号不在 MARD 221 内，未计入，请放大核对；第 19 行有 12 格未读清或色号不在 MARD 221 内，未计入，请放大核对；第 20 行有 18 格未读清或色号不在 MARD 221 内，未计入，请放大核对,not-performed,not-measured
new37,N24,pattern,https://www.bitbead.app/zh/library/10000000-0000-4000-8000-000000001458,grid-labels-without-legend,,True,pixel-glyph-0.12.0-dev,partial,grid,True,True,732,0.332,97.32,"{""B12"": 20, ""B2"": 72, ""B3"": 31, ""B5"": 373, ""B8"": 142, ""C16"": 1, ""H2"": 13, ""H7"": 80}",{},逐格候选已读取；外围是否截断尚未证明，未读清格不计为零；第 1 行有 34 格未读清或色号不在 MARD 221 内，未计入，请放大核对；第 2 行有 34 格未读清或色号不在 MARD 221 内，未计入，请放大核对；第 3 行有 34 格未读清或色号不在 MARD 221 内，未计入，请放大核对；第 4 行有 28 格未读清或色号不在 MARD 221 内，未计入，请放大核对；第 5 行有 28 格未读清或色号不在 MARD 221 内，未计入，请放大核对；第 6 行有 28 格未读清或色号不在 MARD 221 内，未计入，请放大核对；第 7 行有 22 格未读清或色号不在 MARD 221 内，未计入，请放大核对；第 8 行有 18 格未读清或色号不在 MARD 221 内，未计入，请放大核对；第 9 行有 20 格未读清或色号不在 MARD 221 内，未计入，请放大核对；第 10 行有 16 格未读清或色号不在 MARD 221 内，未计入，请放大核对；第 11 行有 14 格未读清或色号不在 MARD 221 内，未计入，请放大核对；第 12 行有 12 格未读清或色号不在 MARD 221 内，未计入，请放大核对；第 13 行有 12 格未读清或色号不在 MARD 221 内，未计入，请放大核对；第 14 行有 10 格未读清或色号不在 MARD 221 内，未计入，请放大核对；第 15 行有 10 格未读清或色号不在 MARD 221 内，未计入，请放大核对；第 16 行有 12 格未读清或色号不在 MARD 221 内，未计入，请放大核对；第 17 行有 16 格未读清或色号不在 MARD 221 内，未计入，请放大核对；第 18 行有 12 格未读清或色号不在 MARD 221 内，未计入，请放大核对；第 19 行有 10 格未读清或色号不在 MARD 221 内，未计入，请放大核对；第 20 行有 14 格未读清或色号不在 MARD 221 内，未计入，请放大核对；第 21 行有 12 格未读清或色号不在 MARD 221 内，未计入，请放大核对；第 22 行有 14 格未读清或色号不在 MARD 221 内，未计入，请放大核对；第 23 行有 16 格未读清或色号不在 MARD 221 内，未计入，请放大核对；第 24 行有 18 格未读清,not-performed,not-measured
new37,N25,pattern,https://www.bitbead.app/zh/library/10000000-0000-4000-8000-000000002001,grid-labels-without-legend,,True,pixel-glyph-0.12.0-dev,partial,grid,True,True,325,0.744,127.26,"{""C25"": 33, ""C3"": 78, ""F10"": 12, ""G11"": 2, ""H11"": 1, ""H14"": 10, ""H6"": 88, ""H7"": 67, ""H9"": 9, ""M4"": 8, ""M7"": 17}",{},逐格候选已读取；外围是否截断尚未证明，未读清格不计为零,not-performed,not-measured
new37,N26,pattern,https://www.bitbead.app/zh/library/10000000-0000-4000-8000-000000002002,grid-labels-without-legend,,True,pixel-glyph-0.12.0-dev,partial,grid,True,True,898,0.489,110.03,"{""H11"": 40, ""H16"": 39, ""H2"": 14, ""H4"": 8, ""H5"": 330, ""H6"": 247, ""H7"": 108, ""H9"": 109, ""M12"": 2, ""M3"": 1}",{},逐格候选已读取；外围是否截断尚未证明，未读清格不计为零；第 1 行有 44 格未读清或色号不在 MARD 221 内，未计入，请放大核对；第 2 行有 44 格未读清或色号不在 MARD 221 内，未计入，请放大核对；第 3 行有 44 格未读清或色号不在 MARD 221 内，未计入，请放大核对；第 4 行有 43 格未读清或色号不在 MARD 221 内，未计入，请放大核对；第 5 行有 43 格未读清或色号不在 MARD 221 内，未计入，请放大核对；第 6 行有 40 格未读清或色号不在 MARD 221 内，未计入，请放大核对；第 7 行有 38 格未读清或色号不在 MARD 221 内，未计入，请放大核对；第 8 行有 36 格未读清或色号不在 MARD 221 内，未计入，请放大核对；第 9 行有 35 格未读清或色号不在 MARD 221 内，未计入，请放大核对；第 10 行有 34 格未读清或色号不在 MARD 221 内，未计入，请放大核对；第 11 行有 35 格未读清或色号不在 MARD 221 内，未计入，请放大核对；第 12 行有 34 格未读清或色号不在 MARD 221 内，未计入，请放大核对；第 13 行有 34 格未读清或色号不在 MARD 221 内，未计入，请放大核对；第 14 行有 35 格未读清或色号不在 MARD 221 内，未计入，请放大核对；第 15 行有 37 格未读清或色号不在 MARD 221 内，未计入，请放大核对；第 16 行有 36 格未读清或色号不在 MARD 221 内，未计入，请放大核对；第 17 行有 36 格未读清或色号不在 MARD 221 内，未计入，请放大核对；第 18 行有 35 格未读清或色号不在 MARD 221 内，未计入，请放大核对；第 19 行有 33 格未读清或色号不在 MARD 221 内，未计入，请放大核对；第 20 行有 32 格未读清或色号不在 MARD 221 内，未计入，请放大核对；第 21 行有 31 格未读清或色号不在 MARD 221 内，未计入，请放大核对；第 22 行有 30 格未读清或色号不在 MARD 221 内，未计入，请放大核对；第 23 行有 29 格未读清或色号不在 MARD 221 内，未计入，请放大核对；第 24 行有 29 格未读清,not-performed,not-measured
new37,N27,pattern,https://www.bitbead.app/zh/library/10000000-0000-4000-8000-000000002007,grid-labels-without-legend,,True,pixel-glyph-0.12.0-dev,partial,grid,True,True,1811,0.956,122.84,"{""C12"": 5, ""C16"": 78, ""C20"": 415, ""C22"": 144, ""C25"": 167, ""C3"": 34, ""C6"": 82, ""C7"": 440, ""E16"": 122, ""G11"": 63, ""H10"": 81, ""H17"": 180}",{},逐格候选已读取；外围是否截断尚未证明，未读清格不计为零；第 1 行有 55 格未读清或色号不在 MARD 221 内，未计入，请放大核对；第 2 行有 55 格未读清或色号不在 MARD 221 内，未计入，请放大核对；第 3 行有 55 格未读清或色号不在 MARD 221 内，未计入，请放大核对；第 4 行有 45 格未读清或色号不在 MARD 221 内，未计入，请放大核对；第 5 行有 41 格未读清或色号不在 MARD 221 内，未计入，请放大核对；第 6 行有 28 格未读清或色号不在 MARD 221 内，未计入，请放大核对；第 7 行有 22 格未读清或色号不在 MARD 221 内，未计入，请放大核对；第 8 行有 20 格未读清或色号不在 MARD 221 内，未计入，请放大核对；第 9 行有 18 格未读清或色号不在 MARD 221 内，未计入，请放大核对；第 10 行有 17 格未读清或色号不在 MARD 221 内，未计入，请放大核对；第 11 行有 17 格未读清或色号不在 MARD 221 内，未计入，请放大核对；第 12 行有 17 格未读清或色号不在 MARD 221 内，未计入，请放大核对；第 13 行有 16 格未读清或色号不在 MARD 221 内，未计入，请放大核对；第 14 行有 16 格未读清或色号不在 MARD 221 内，未计入，请放大核对；第 15 行有 14 格未读清或色号不在 MARD 221 内，未计入，请放大核对；第 16 行有 14 格未读清或色号不在 MARD 221 内，未计入，请放大核对；第 17 行有 12 格未读清或色号不在 MARD 221 内，未计入，请放大核对；第 18 行有 12 格未读清或色号不在 MARD 221 内，未计入，请放大核对；第 19 行有 12 格未读清或色号不在 MARD 221 内，未计入，请放大核对；第 20 行有 11 格未读清或色号不在 MARD 221 内，未计入，请放大核对；第 21 行有 11 格未读清或色号不在 MARD 221 内，未计入，请放大核对；第 22 行有 10 格未读清或色号不在 MARD 221 内，未计入，请放大核对；第 23 行有 9 格未读清或色号不在 MARD 221 内，未计入，请放大核对；第 24 行有 8 格未读清或色,not-performed,not-measured
new37,N28,pattern,https://www.bitbead.app/zh/library/10000000-0000-4000-8000-000000003001,grid-labels-without-legend,,True,pixel-glyph-0.12.0-dev,partial,grid,True,True,725,0.363,95.88,"{""B22"": 153, ""B23"": 49, ""B9"": 57, ""H2"": 24, ""H5"": 11, ""H6"": 35, ""H7"": 103, ""M15"": 293}",{},逐格候选已读取；外围是否截断尚未证明，未读清格不计为零；第 1 行有 43 格未读清或色号不在 MARD 221 内，未计入，请放大核对；第 2 行有 43 格未读清或色号不在 MARD 221 内，未计入，请放大核对；第 3 行有 42 格未读清或色号不在 MARD 221 内，未计入，请放大核对；第 4 行有 35 格未读清或色号不在 MARD 221 内，未计入，请放大核对；第 5 行有 23 格未读清或色号不在 MARD 221 内，未计入，请放大核对；第 6 行有 15 格未读清或色号不在 MARD 221 内，未计入，请放大核对；第 7 行有 11 格未读清或色号不在 MARD 221 内，未计入，请放大核对；第 8 行有 9 格未读清或色号不在 MARD 221 内，未计入，请放大核对；第 9 行有 6 格未读清或色号不在 MARD 221 内，未计入，请放大核对；第 10 行有 6 格未读清或色号不在 MARD 221 内，未计入，请放大核对；第 11 行有 9 格未读清或色号不在 MARD 221 内，未计入，请放大核对；第 12 行有 12 格未读清或色号不在 MARD 221 内，未计入，请放大核对；第 13 行有 13 格未读清或色号不在 MARD 221 内，未计入，请放大核对；第 14 行有 13 格未读清或色号不在 MARD 221 内，未计入，请放大核对；第 15 行有 13 格未读清或色号不在 MARD 221 内，未计入，请放大核对；第 16 行有 13 格未读清或色号不在 MARD 221 内，未计入，请放大核对；第 17 行有 14 格未读清或色号不在 MARD 221 内，未计入，请放大核对；第 18 行有 14 格未读清或色号不在 MARD 221 内，未计入，请放大核对；第 19 行有 16 格未读清或色号不在 MARD 221 内，未计入，请放大核对；第 20 行有 17 格未读清或色号不在 MARD 221 内，未计入，请放大核对；第 21 行有 19 格未读清或色号不在 MARD 221 内，未计入，请放大核对；第 22 行有 20 格未读清或色号不在 MARD 221 内，未计入，请放大核对；第 23 行有 20 格未读清或色号不在 MARD 221 内，未计入，请放大核对；第 24 行有 20 格未读清或色号不,not-performed,not-measured
new37,N29,pattern,https://www.pixelbead.art/zh/patterns/smiling-sunflower,right,,True,pixel-glyph-0.12.0-dev,partial,grid,True,True,996,1.777,158.87,"{""A20"": 390, ""B12"": 18, ""B8"": 19, ""F24"": 10, ""G14"": 50, ""G19"": 114, ""H6"": 395}",{},逐格候选已读取；外围是否截断尚未证明，未读清格不计为零,not-performed,not-measured
new37,N30,pattern,https://www.pixelbead.art/zh/patterns/cute-cat-face,right,"P16,P17",True,pixel-glyph-0.12.0-dev,partial,grid,False,False,1255,2.548,173.3,"{""A13"": 24, ""A26"": 944, ""B23"": 4, ""B26"": 22, ""E1"": 11, ""E14"": 3, ""E15"": 58, ""G10"": 15, ""G11"": 3, ""G12"": 4, ""G3"": 3, ""G4"": 4, ""G5"": 23, ""G6"": 2, ""H16"": 7, ""H20"": 34, ""H23"": 5, ""H7"": 77, ""M6"": 7, ""M7"": 5}","{""P16"": [24, null], ""P17"": [54, null]}",逐格候选已读取；外围是否截断尚未证明，未读清格不计为零；第 1 行有 2 格未读清或色号不在 MARD 221 内，未计入，请放大核对；第 2 行有 2 格未读清或色号不在 MARD 221 内，未计入，请放大核对；第 3 行有 2 格未读清或色号不在 MARD 221 内，未计入，请放大核对；第 4 行有 2 格未读清或色号不在 MARD 221 内，未计入，请放大核对；第 5 行有 2 格未读清或色号不在 MARD 221 内，未计入，请放大核对；第 6 行有 2 格未读清或色号不在 MARD 221 内，未计入，请放大核对；第 7 行有 2 格未读清或色号不在 MARD 221 内，未计入，请放大核对；第 8 行有 3 格未读清或色号不在 MARD 221 内，未计入，请放大核对；第 9 行有 5 格未读清或色号不在 MARD 221 内，未计入，请放大核对；第 10 行有 3 格未读清或色号不在 MARD 221 内，未计入，请放大核对；第 11 行有 12 格未读清或色号不在 MARD 221 内，未计入，请放大核对；第 12 行有 12 格未读清或色号不在 MARD 221 内，未计入，请放大核对；第 13 行有 11 格未读清或色号不在 MARD 221 内，未计入，请放大核对；第 14 行有 12 格未读清或色号不在 MARD 221 内，未计入，请放大核对；第 15 行有 13 格未读清或色号不在 MARD 221 内，未计入，请放大核对；第 16 行有 9 格未读清或色号不在 MARD 221 内，未计入，请放大核对；第 17 行有 8 格未读清或色号不在 MARD 221 内，未计入，请放大核对；第 18 行有 2 格未读清或色号不在 MARD 221 内，未计入，请放大核对；第 19 行有 2 格未读清或色号不在 MARD 221 内，未计入，请放大核对；第 20 行有 2 格未读清或色号不在 MARD 221 内，未计入，请放大核对；第 21 行有 1 格未读清或色号不在 MARD 221 内，未计入，请放大核对；第 22 行有 1 格未读清或色号不在 MARD 221 内，未计入，请放大核对；第 23 行有 1 格未读清或色号不在 MARD 221 内，未计入，请放大核对；第 24 行有 1 格未读清或色号不在 MARD 221 内，未计,not-performed,not-measured
new37,N31,pattern,https://www.bitbead.app/zh/library/10000000-0000-4000-8000-000000001441,grid-labels-without-legend,,True,pixel-glyph-0.12.0-dev,partial,grid,True,True,988,0.44,96.33,"{""F16"": 15, ""F20"": 1, ""G10"": 60, ""G6"": 206, ""H2"": 295, ""H22"": 19, ""H4"": 166, ""H5"": 63, ""H7"": 163}",{},逐格候选已读取；外围是否截断尚未证明，未读清格不计为零；第 1 行有 41 格未读清或色号不在 MARD 221 内，未计入，请放大核对；第 2 行有 41 格未读清或色号不在 MARD 221 内，未计入，请放大核对；第 3 行有 34 格未读清或色号不在 MARD 221 内，未计入，请放大核对；第 4 行有 25 格未读清或色号不在 MARD 221 内，未计入，请放大核对；第 5 行有 20 格未读清或色号不在 MARD 221 内，未计入，请放大核对；第 6 行有 18 格未读清或色号不在 MARD 221 内，未计入，请放大核对；第 7 行有 17 格未读清或色号不在 MARD 221 内，未计入，请放大核对；第 8 行有 15 格未读清或色号不在 MARD 221 内，未计入，请放大核对；第 9 行有 13 格未读清或色号不在 MARD 221 内，未计入，请放大核对；第 10 行有 11 格未读清或色号不在 MARD 221 内，未计入，请放大核对；第 11 行有 10 格未读清或色号不在 MARD 221 内，未计入，请放大核对；第 12 行有 9 格未读清或色号不在 MARD 221 内，未计入，请放大核对；第 13 行有 8 格未读清或色号不在 MARD 221 内，未计入，请放大核对；第 14 行有 7 格未读清或色号不在 MARD 221 内，未计入，请放大核对；第 15 行有 6 格未读清或色号不在 MARD 221 内，未计入，请放大核对；第 16 行有 4 格未读清或色号不在 MARD 221 内，未计入，请放大核对；第 17 行有 4 格未读清或色号不在 MARD 221 内，未计入，请放大核对；第 18 行有 5 格未读清或色号不在 MARD 221 内，未计入，请放大核对；第 19 行有 7 格未读清或色号不在 MARD 221 内，未计入，请放大核对；第 20 行有 7 格未读清或色号不在 MARD 221 内，未计入，请放大核对；第 21 行有 8 格未读清或色号不在 MARD 221 内，未计入，请放大核对；第 22 行有 7 格未读清或色号不在 MARD 221 内，未计入，请放大核对；第 23 行有 7 格未读清或色号不在 MARD 221 内，未计入，请放大核对；第 24 行有 7 格未读清或色号不在 MARD 22,not-performed,not-measured
new37,N32,pattern,https://www.bitbead.app/zh/library/10000000-0000-4000-8000-000000001442,grid-labels-without-legend,,True,pixel-glyph-0.12.0-dev,partial,grid,True,True,1001,0.465,97.97,"{""E16"": 319, ""F16"": 17, ""F20"": 1, ""G16"": 99, ""G21"": 33, ""G4"": 134, ""H2"": 214, ""H22"": 18, ""H7"": 166}",{},逐格候选已读取；外围是否截断尚未证明，未读清格不计为零；第 1 行有 42 格未读清或色号不在 MARD 221 内，未计入，请放大核对；第 2 行有 42 格未读清或色号不在 MARD 221 内，未计入，请放大核对；第 3 行有 36 格未读清或色号不在 MARD 221 内，未计入，请放大核对；第 4 行有 26 格未读清或色号不在 MARD 221 内，未计入，请放大核对；第 5 行有 21 格未读清或色号不在 MARD 221 内，未计入，请放大核对；第 6 行有 19 格未读清或色号不在 MARD 221 内，未计入，请放大核对；第 7 行有 17 格未读清或色号不在 MARD 221 内，未计入，请放大核对；第 8 行有 16 格未读清或色号不在 MARD 221 内，未计入，请放大核对；第 9 行有 14 格未读清或色号不在 MARD 221 内，未计入，请放大核对；第 10 行有 12 格未读清或色号不在 MARD 221 内，未计入，请放大核对；第 11 行有 11 格未读清或色号不在 MARD 221 内，未计入，请放大核对；第 12 行有 9 格未读清或色号不在 MARD 221 内，未计入，请放大核对；第 13 行有 10 格未读清或色号不在 MARD 221 内，未计入，请放大核对；第 14 行有 8 格未读清或色号不在 MARD 221 内，未计入，请放大核对；第 15 行有 7 格未读清或色号不在 MARD 221 内，未计入，请放大核对；第 16 行有 5 格未读清或色号不在 MARD 221 内，未计入，请放大核对；第 17 行有 5 格未读清或色号不在 MARD 221 内，未计入，请放大核对；第 18 行有 5 格未读清或色号不在 MARD 221 内，未计入，请放大核对；第 19 行有 8 格未读清或色号不在 MARD 221 内，未计入，请放大核对；第 20 行有 8 格未读清或色号不在 MARD 221 内，未计入，请放大核对；第 21 行有 9 格未读清或色号不在 MARD 221 内，未计入，请放大核对；第 22 行有 8 格未读清或色号不在 MARD 221 内，未计入，请放大核对；第 23 行有 7 格未读清或色号不在 MARD 221 内，未计入，请放大核对；第 24 行有 8 格未读清或色号不在 MARD 2,not-performed,not-measured
new37,N33,pattern,https://www.bitbead.app/zh/library/10000000-0000-4000-8000-000000001443,grid-labels-without-legend,,True,pixel-glyph-0.12.0-dev,partial,grid,True,True,988,0.393,97.16,"{""F16"": 8, ""F20"": 1, ""H14"": 374, ""H2"": 210, ""H22"": 15, ""H3"": 69, ""H7"": 163, ""M15"": 148}",{},逐格候选已读取；外围是否截断尚未证明，未读清格不计为零；第 1 行有 41 格未读清或色号不在 MARD 221 内，未计入，请放大核对；第 2 行有 41 格未读清或色号不在 MARD 221 内，未计入，请放大核对；第 3 行有 34 格未读清或色号不在 MARD 221 内，未计入，请放大核对；第 4 行有 25 格未读清或色号不在 MARD 221 内，未计入，请放大核对；第 5 行有 20 格未读清或色号不在 MARD 221 内，未计入，请放大核对；第 6 行有 18 格未读清或色号不在 MARD 221 内，未计入，请放大核对；第 7 行有 17 格未读清或色号不在 MARD 221 内，未计入，请放大核对；第 8 行有 15 格未读清或色号不在 MARD 221 内，未计入，请放大核对；第 9 行有 13 格未读清或色号不在 MARD 221 内，未计入，请放大核对；第 10 行有 11 格未读清或色号不在 MARD 221 内，未计入，请放大核对；第 11 行有 10 格未读清或色号不在 MARD 221 内，未计入，请放大核对；第 12 行有 9 格未读清或色号不在 MARD 221 内，未计入，请放大核对；第 13 行有 8 格未读清或色号不在 MARD 221 内，未计入，请放大核对；第 14 行有 7 格未读清或色号不在 MARD 221 内，未计入，请放大核对；第 15 行有 6 格未读清或色号不在 MARD 221 内，未计入，请放大核对；第 16 行有 4 格未读清或色号不在 MARD 221 内，未计入，请放大核对；第 17 行有 4 格未读清或色号不在 MARD 221 内，未计入，请放大核对；第 18 行有 5 格未读清或色号不在 MARD 221 内，未计入，请放大核对；第 19 行有 7 格未读清或色号不在 MARD 221 内，未计入，请放大核对；第 20 行有 7 格未读清或色号不在 MARD 221 内，未计入，请放大核对；第 21 行有 8 格未读清或色号不在 MARD 221 内，未计入，请放大核对；第 22 行有 7 格未读清或色号不在 MARD 221 内，未计入，请放大核对；第 23 行有 7 格未读清或色号不在 MARD 221 内，未计入，请放大核对；第 24 行有 7 格未读清或色号不在 MARD 22,not-performed,not-measured
new37,N34,pattern,https://www.bitbead.app/zh/library/10000000-0000-4000-8000-000000001444,grid-labels-without-legend,,True,pixel-glyph-0.12.0-dev,partial,grid,True,True,988,0.363,97.21,"{""F16"": 17, ""F24"": 1, ""H2"": 235, ""H22"": 18, ""H3"": 431, ""H4"": 123, ""H7"": 163}",{},逐格候选已读取；外围是否截断尚未证明，未读清格不计为零；第 1 行有 41 格未读清或色号不在 MARD 221 内，未计入，请放大核对；第 2 行有 41 格未读清或色号不在 MARD 221 内，未计入，请放大核对；第 3 行有 34 格未读清或色号不在 MARD 221 内，未计入，请放大核对；第 4 行有 25 格未读清或色号不在 MARD 221 内，未计入，请放大核对；第 5 行有 20 格未读清或色号不在 MARD 221 内，未计入，请放大核对；第 6 行有 18 格未读清或色号不在 MARD 221 内，未计入，请放大核对；第 7 行有 17 格未读清或色号不在 MARD 221 内，未计入，请放大核对；第 8 行有 15 格未读清或色号不在 MARD 221 内，未计入，请放大核对；第 9 行有 13 格未读清或色号不在 MARD 221 内，未计入，请放大核对；第 10 行有 11 格未读清或色号不在 MARD 221 内，未计入，请放大核对；第 11 行有 10 格未读清或色号不在 MARD 221 内，未计入，请放大核对；第 12 行有 9 格未读清或色号不在 MARD 221 内，未计入，请放大核对；第 13 行有 8 格未读清或色号不在 MARD 221 内，未计入，请放大核对；第 14 行有 7 格未读清或色号不在 MARD 221 内，未计入，请放大核对；第 15 行有 6 格未读清或色号不在 MARD 221 内，未计入，请放大核对；第 16 行有 4 格未读清或色号不在 MARD 221 内，未计入，请放大核对；第 17 行有 4 格未读清或色号不在 MARD 221 内，未计入，请放大核对；第 18 行有 5 格未读清或色号不在 MARD 221 内，未计入，请放大核对；第 19 行有 7 格未读清或色号不在 MARD 221 内，未计入，请放大核对；第 20 行有 7 格未读清或色号不在 MARD 221 内，未计入，请放大核对；第 21 行有 8 格未读清或色号不在 MARD 221 内，未计入，请放大核对；第 22 行有 7 格未读清或色号不在 MARD 221 内，未计入，请放大核对；第 23 行有 7 格未读清或色号不在 MARD 221 内，未计入，请放大核对；第 24 行有 7 格未读清或色号不在 MARD 22,not-performed,not-measured
new37,N35,pattern,https://www.bitbead.app/zh/library/10000000-0000-4000-8000-000000001451,grid-labels-without-legend,,True,pixel-glyph-0.12.0-dev,partial,grid,True,True,1432,0.484,108.85,"{""B5"": 167, ""C20"": 268, ""F13"": 298, ""F17"": 23, ""G11"": 88, ""H2"": 157, ""H7"": 354, ""M6"": 77}",{},逐格候选已读取；外围是否截断尚未证明，未读清格不计为零；第 1 行有 50 格未读清或色号不在 MARD 221 内，未计入，请放大核对；第 2 行有 45 格未读清或色号不在 MARD 221 内，未计入，请放大核对；第 3 行有 32 格未读清或色号不在 MARD 221 内，未计入，请放大核对；第 4 行有 24 格未读清或色号不在 MARD 221 内，未计入，请放大核对；第 5 行有 20 格未读清或色号不在 MARD 221 内，未计入，请放大核对；第 6 行有 18 格未读清或色号不在 MARD 221 内，未计入，请放大核对；第 7 行有 16 格未读清或色号不在 MARD 221 内，未计入，请放大核对；第 8 行有 16 格未读清或色号不在 MARD 221 内，未计入，请放大核对；第 9 行有 15 格未读清或色号不在 MARD 221 内，未计入，请放大核对；第 10 行有 13 格未读清或色号不在 MARD 221 内，未计入，请放大核对；第 11 行有 12 格未读清或色号不在 MARD 221 内，未计入，请放大核对；第 12 行有 12 格未读清或色号不在 MARD 221 内，未计入，请放大核对；第 13 行有 10 格未读清或色号不在 MARD 221 内，未计入，请放大核对；第 14 行有 10 格未读清或色号不在 MARD 221 内，未计入，请放大核对；第 15 行有 12 格未读清或色号不在 MARD 221 内，未计入，请放大核对；第 16 行有 11 格未读清或色号不在 MARD 221 内，未计入，请放大核对；第 17 行有 12 格未读清或色号不在 MARD 221 内，未计入，请放大核对；第 18 行有 13 格未读清或色号不在 MARD 221 内，未计入，请放大核对；第 19 行有 15 格未读清或色号不在 MARD 221 内，未计入，请放大核对；第 20 行有 18 格未读清或色号不在 MARD 221 内，未计入，请放大核对；第 21 行有 19 格未读清或色号不在 MARD 221 内，未计入，请放大核对；第 22 行有 17 格未读清或色号不在 MARD 221 内，未计入，请放大核对；第 23 行有 15 格未读清或色号不在 MARD 221 内，未计入，请放大核对；第 24 行有 14 格未读清,not-performed,not-measured
new37,N36,pattern,https://www.bitbead.app/zh/library/10000000-0000-4000-8000-000000001457,grid-labels-without-legend,,True,pixel-glyph-0.12.0-dev,partial,grid,True,True,154,0.168,79.29,"{""B10"": 2, ""B20"": 4, ""B21"": 1, ""B22"": 2, ""B25"": 67, ""B6"": 2, ""B7"": 1, ""B9"": 69, ""H13"": 6}",{},逐格候选已读取；外围是否截断尚未证明，未读清格不计为零；第 1 行有 21 格未读清或色号不在 MARD 221 内，未计入，请放大核对；第 2 行有 21 格未读清或色号不在 MARD 221 内，未计入，请放大核对；第 3 行有 21 格未读清或色号不在 MARD 221 内，未计入，请放大核对；第 4 行有 20 格未读清或色号不在 MARD 221 内，未计入，请放大核对；第 5 行有 17 格未读清或色号不在 MARD 221 内，未计入，请放大核对；第 6 行有 15 格未读清或色号不在 MARD 221 内，未计入，请放大核对；第 7 行有 14 格未读清或色号不在 MARD 221 内，未计入，请放大核对；第 8 行有 10 格未读清或色号不在 MARD 221 内，未计入，请放大核对；第 9 行有 8 格未读清或色号不在 MARD 221 内，未计入，请放大核对；第 10 行有 7 格未读清或色号不在 MARD 221 内，未计入，请放大核对；第 11 行有 6 格未读清或色号不在 MARD 221 内，未计入，请放大核对；第 12 行有 7 格未读清或色号不在 MARD 221 内，未计入，请放大核对；第 13 行有 7 格未读清或色号不在 MARD 221 内，未计入，请放大核对；第 14 行有 9 格未读清或色号不在 MARD 221 内，未计入，请放大核对；第 15 行有 11 格未读清或色号不在 MARD 221 内，未计入，请放大核对；第 16 行有 11 格未读清或色号不在 MARD 221 内，未计入，请放大核对；第 17 行有 13 格未读清或色号不在 MARD 221 内，未计入，请放大核对；第 18 行有 14 格未读清或色号不在 MARD 221 内，未计入，请放大核对；第 19 行有 16 格未读清或色号不在 MARD 221 内，未计入，请放大核对；第 20 行有 18 格未读清或色号不在 MARD 221 内，未计入，请放大核对；第 21 行有 21 格未读清或色号不在 MARD 221 内，未计入，请放大核对,not-performed,not-measured
new37,N37,pattern,https://www.bitbead.app/zh/library/10000000-0000-4000-8000-000000001445,grid-labels-without-legend,,True,pixel-glyph-0.12.0-dev,partial,grid,True,True,988,0.41,97.69,"{""F16"": 8, ""F20"": 1, ""G14"": 189, ""G16"": 394, ""G4"": 78, ""H2"": 155, ""H7"": 163}",{},逐格候选已读取；外围是否截断尚未证明，未读清格不计为零；第 1 行有 41 格未读清或色号不在 MARD 221 内，未计入，请放大核对；第 2 行有 41 格未读清或色号不在 MARD 221 内，未计入，请放大核对；第 3 行有 34 格未读清或色号不在 MARD 221 内，未计入，请放大核对；第 4 行有 25 格未读清或色号不在 MARD 221 内，未计入，请放大核对；第 5 行有 20 格未读清或色号不在 MARD 221 内，未计入，请放大核对；第 6 行有 18 格未读清或色号不在 MARD 221 内，未计入，请放大核对；第 7 行有 17 格未读清或色号不在 MARD 221 内，未计入，请放大核对；第 8 行有 15 格未读清或色号不在 MARD 221 内，未计入，请放大核对；第 9 行有 13 格未读清或色号不在 MARD 221 内，未计入，请放大核对；第 10 行有 11 格未读清或色号不在 MARD 221 内，未计入，请放大核对；第 11 行有 10 格未读清或色号不在 MARD 221 内，未计入，请放大核对；第 12 行有 9 格未读清或色号不在 MARD 221 内，未计入，请放大核对；第 13 行有 8 格未读清或色号不在 MARD 221 内，未计入，请放大核对；第 14 行有 7 格未读清或色号不在 MARD 221 内，未计入，请放大核对；第 15 行有 6 格未读清或色号不在 MARD 221 内，未计入，请放大核对；第 16 行有 4 格未读清或色号不在 MARD 221 内，未计入，请放大核对；第 17 行有 4 格未读清或色号不在 MARD 221 内，未计入，请放大核对；第 18 行有 5 格未读清或色号不在 MARD 221 内，未计入，请放大核对；第 19 行有 7 格未读清或色号不在 MARD 221 内，未计入，请放大核对；第 20 行有 7 格未读清或色号不在 MARD 221 内，未计入，请放大核对；第 21 行有 8 格未读清或色号不在 MARD 221 内，未计入，请放大核对；第 22 行有 7 格未读清或色号不在 MARD 221 内，未计入，请放大核对；第 23 行有 7 格未读清或色号不在 MARD 221 内，未计入，请放大核对；第 24 行有 7 格未读清或色号不在 MARD 22,not-performed,not-measured
old100,M001,pattern,https://www.bitbead.app/en/library/47c55077-5cf3-43d7-b360-086ea727e2d1,grid-labels-without-legend,,True,pixel-glyph-0.12.0-dev,partial,grid,True,True,2684,1.298,120.86,"{""A11"": 11, ""A12"": 1, ""A18"": 214, ""A2"": 26, ""A23"": 3, ""A24"": 15, ""A9"": 5, ""C12"": 95, ""C14"": 13, ""C21"": 16, ""C22"": 7, ""C23"": 43, ""C28"": 129, ""C29"": 21, ""C3"": 32, ""D1"": 22, ""D11"": 93, ""D2"": 14, ""D23"": 145, ""D8"": 59, ""E11"": 15, ""E16"": 24, ""E24"": 25, ""F1"": 15, ""F23"": 4, ""G16"": 91, ""G17"": 87, ""G2"": 1, ""H12"": 4, ""H14"": 7, ""H15"": 7, ""H18"": 21, ""H2"": 10, ""H20"": 86, ""H22"": 7, ""H23"": 6, ""H3"": 230, ""H4"": 106, ""H5"": 205, ""H6"": 497, ""H7"": 96, ""M1"": 7, ""M13"": 9, ""M15"": 61, ""M2"": 17, ""M3"": 75, ""M7"": 7}",{},逐格候选已读取；外围是否截断尚未证明，未读清格不计为零,not-performed,not-measured
old100,M002,pattern,https://www.bitbead.app/en/library/aee7e789-c62f-433a-8a51-b30a40d898a0,grid-labels-without-legend,,True,pixel-glyph-0.12.0-dev,partial,grid,True,True,6130,3.424,184.17,"{""A23"": 38, ""D16"": 66, ""E1"": 18, ""E11"": 44, ""E15"": 3, ""E16"": 59, ""E20"": 14, ""E21"": 2, ""E23"": 5, ""F14"": 7, ""F20"": 5, ""G1"": 4, ""G11"": 2, ""G14"": 12, ""G16"": 32, ""G17"": 96, ""G3"": 22, ""G4"": 5, ""H1"": 994, ""H10"": 107, ""H11"": 19, ""H12"": 93, ""H13"": 140, ""H14"": 43, ""H15"": 39, ""H16"": 440, ""H17"": 200, ""H19"": 800, ""H2"": 377, ""H20"": 2, ""H22"": 32, ""H23"": 87, ""H3"": 57, ""H4"": 84, ""H5"": 180, ""H6"": 1071, ""H7"": 330, ""H8"": 74, ""H9"": 93, ""M1"": 50, ""M10"": 15, ""M12"": 58, ""M15"": 176, ""M4"": 47, ""M5"": 21, ""M7"": 49, ""M8"": 7, ""M9"": 11}",{},逐格候选已读取；外围是否截断尚未证明，未读清格不计为零；第 1 行有 16 格未读清或色号不在 MARD 221 内，未计入，请放大核对；第 2 行有 16 格未读清或色号不在 MARD 221 内，未计入，请放大核对；第 3 行有 16 格未读清或色号不在 MARD 221 内，未计入，请放大核对；第 4 行有 16 格未读清或色号不在 MARD 221 内，未计入，请放大核对；第 5 行有 16 格未读清或色号不在 MARD 221 内，未计入，请放大核对；第 6 行有 16 格未读清或色号不在 MARD 221 内，未计入，请放大核对；第 7 行有 16 格未读清或色号不在 MARD 221 内，未计入，请放大核对；第 8 行有 16 格未读清或色号不在 MARD 221 内，未计入，请放大核对；第 9 行有 16 格未读清或色号不在 MARD 221 内，未计入，请放大核对；第 10 行有 16 格未读清或色号不在 MARD 221 内，未计入，请放大核对；第 11 行有 16 格未读清或色号不在 MARD 221 内，未计入，请放大核对；第 12 行有 16 格未读清或色号不在 MARD 221 内，未计入，请放大核对；第 13 行有 16 格未读清或色号不在 MARD 221 内，未计入，请放大核对；第 14 行有 16 格未读清或色号不在 MARD 221 内，未计入，请放大核对；第 15 行有 16 格未读清或色号不在 MARD 221 内，未计入，请放大核对；第 16 行有 16 格未读清或色号不在 MARD 221 内，未计入，请放大核对；第 17 行有 14 格未读清或色号不在 MARD 221 内，未计入，请放大核对；第 18 行有 13 格未读清或色号不在 MARD 221 内，未计入，请放大核对；第 19 行有 13 格未读清或色号不在 MARD 221 内，未计入，请放大核对；第 20 行有 13 格未读清或色号不在 MARD 221 内，未计入，请放大核对；第 21 行有 11 格未读清或色号不在 MARD 221 内，未计入，请放大核对；第 22 行有 11 格未读清或色号不在 MARD 221 内，未计入，请放大核对；第 23 行有 9 格未读清或色号不在 MARD 221 内，未计入，请放大核对；第 24 行有 8 格未读清或色,not-performed,not-measured
old100,M003,pattern,https://www.bitbead.app/en/library/f68c04f6-310e-4e96-b9e9-dcb3612ec864,grid-labels-without-legend,,True,pixel-glyph-0.12.0-dev,partial,grid,True,True,996,0.629,121.76,"{""C12"": 5, ""C29"": 201, ""D2"": 17, ""D22"": 89, ""D24"": 35, ""G14"": 9, ""H19"": 43, ""H3"": 21, ""H7"": 563, ""M4"": 13}",{},逐格候选已读取；外围是否截断尚未证明，未读清格不计为零；第 1 行有 58 格未读清或色号不在 MARD 221 内，未计入，请放大核对；第 2 行有 58 格未读清或色号不在 MARD 221 内，未计入，请放大核对；第 3 行有 58 格未读清或色号不在 MARD 221 内，未计入，请放大核对；第 4 行有 58 格未读清或色号不在 MARD 221 内，未计入，请放大核对；第 5 行有 58 格未读清或色号不在 MARD 221 内，未计入，请放大核对；第 6 行有 58 格未读清或色号不在 MARD 221 内，未计入，请放大核对；第 7 行有 58 格未读清或色号不在 MARD 221 内，未计入，请放大核对；第 8 行有 58 格未读清或色号不在 MARD 221 内，未计入，请放大核对；第 9 行有 58 格未读清或色号不在 MARD 221 内，未计入，请放大核对；第 10 行有 58 格未读清或色号不在 MARD 221 内，未计入，请放大核对；第 11 行有 45 格未读清或色号不在 MARD 221 内，未计入，请放大核对；第 12 行有 42 格未读清或色号不在 MARD 221 内，未计入，请放大核对；第 13 行有 40 格未读清或色号不在 MARD 221 内，未计入，请放大核对；第 14 行有 37 格未读清或色号不在 MARD 221 内，未计入，请放大核对；第 15 行有 35 格未读清或色号不在 MARD 221 内，未计入，请放大核对；第 16 行有 34 格未读清或色号不在 MARD 221 内，未计入，请放大核对；第 17 行有 34 格未读清或色号不在 MARD 221 内，未计入，请放大核对；第 18 行有 27 格未读清或色号不在 MARD 221 内，未计入，请放大核对；第 19 行有 28 格未读清或色号不在 MARD 221 内，未计入，请放大核对；第 20 行有 30 格未读清或色号不在 MARD 221 内，未计入，请放大核对；第 21 行有 33 格未读清或色号不在 MARD 221 内，未计入，请放大核对；第 22 行有 33 格未读清或色号不在 MARD 221 内，未计入，请放大核对；第 23 行有 32 格未读清或色号不在 MARD 221 内，未计入，请放大核对；第 24 行有 30 格未读清,not-performed,not-measured
old100,M004,pattern,https://www.bitbead.app/en/library/9a2570bd-7172-436a-a71c-f4d63297806e,grid-labels-without-legend,,True,pixel-glyph-0.12.0-dev,partial,grid,True,True,571,1.06,109.49,"{""G14"": 47, ""G17"": 40, ""G3"": 49, ""G4"": 105, ""H16"": 29, ""H18"": 101, ""M4"": 101, ""M9"": 99}",{},逐格候选已读取；外围是否截断尚未证明，未读清格不计为零；第 1 行有 40 格未读清或色号不在 MARD 221 内，未计入，请放大核对；第 2 行有 40 格未读清或色号不在 MARD 221 内，未计入，请放大核对；第 3 行有 40 格未读清或色号不在 MARD 221 内，未计入，请放大核对；第 4 行有 40 格未读清或色号不在 MARD 221 内，未计入，请放大核对；第 5 行有 37 格未读清或色号不在 MARD 221 内，未计入，请放大核对；第 6 行有 27 格未读清或色号不在 MARD 221 内，未计入，请放大核对；第 7 行有 26 格未读清或色号不在 MARD 221 内，未计入，请放大核对；第 8 行有 30 格未读清或色号不在 MARD 221 内，未计入，请放大核对；第 9 行有 26 格未读清或色号不在 MARD 221 内，未计入，请放大核对；第 10 行有 21 格未读清或色号不在 MARD 221 内，未计入，请放大核对；第 11 行有 22 格未读清或色号不在 MARD 221 内，未计入，请放大核对；第 12 行有 17 格未读清或色号不在 MARD 221 内，未计入，请放大核对；第 13 行有 15 格未读清或色号不在 MARD 221 内，未计入，请放大核对；第 14 行有 14 格未读清或色号不在 MARD 221 内，未计入，请放大核对；第 15 行有 15 格未读清或色号不在 MARD 221 内，未计入，请放大核对；第 16 行有 15 格未读清或色号不在 MARD 221 内，未计入，请放大核对；第 17 行有 15 格未读清或色号不在 MARD 221 内，未计入，请放大核对；第 18 行有 17 格未读清或色号不在 MARD 221 内，未计入，请放大核对；第 19 行有 18 格未读清或色号不在 MARD 221 内，未计入，请放大核对；第 20 行有 20 格未读清或色号不在 MARD 221 内，未计入，请放大核对；第 21 行有 17 格未读清或色号不在 MARD 221 内，未计入，请放大核对；第 22 行有 20 格未读清或色号不在 MARD 221 内，未计入，请放大核对；第 23 行有 23 格未读清或色号不在 MARD 221 内，未计入，请放大核对；第 24 行有 21 格未读清,not-performed,not-measured
old100,M005,pattern,https://www.bitbead.app/en/library/ca41abe7-8399-45a4-a872-943f969ef88e,grid-labels-without-legend,,True,pixel-glyph-0.12.0-dev,partial,grid,True,True,1089,0.173,109.49,"{""H2"": 196, ""H7"": 893}",{},逐格候选已读取；外围是否截断尚未证明，未读清格不计为零,not-performed,not-measured
old100,M006,pattern,https://www.bitbead.app/en/library/cd9cff63-2856-45c2-a94f-4c535dc86d4b,grid-labels-without-legend,,True,pixel-glyph-0.12.0-dev,partial,grid,True,True,2243,0.859,137.26,"{""C29"": 87, ""D10"": 67, ""D7"": 364, ""E16"": 338, ""E23"": 272, ""H5"": 336, ""H6"": 440, ""H7"": 27, ""M12"": 312}",{},逐格候选已读取；外围是否截断尚未证明，未读清格不计为零；第 1 行有 58 格未读清或色号不在 MARD 221 内，未计入，请放大核对；第 2 行有 58 格未读清或色号不在 MARD 221 内，未计入，请放大核对；第 3 行有 58 格未读清或色号不在 MARD 221 内，未计入，请放大核对；第 4 行有 58 格未读清或色号不在 MARD 221 内，未计入，请放大核对；第 5 行有 58 格未读清或色号不在 MARD 221 内，未计入，请放大核对；第 6 行有 58 格未读清或色号不在 MARD 221 内，未计入，请放大核对；第 7 行有 58 格未读清或色号不在 MARD 221 内，未计入，请放大核对；第 8 行有 48 格未读清或色号不在 MARD 221 内，未计入，请放大核对；第 9 行有 42 格未读清或色号不在 MARD 221 内，未计入，请放大核对；第 10 行有 35 格未读清或色号不在 MARD 221 内，未计入，请放大核对；第 11 行有 31 格未读清或色号不在 MARD 221 内，未计入，请放大核对；第 12 行有 27 格未读清或色号不在 MARD 221 内，未计入，请放大核对；第 13 行有 24 格未读清或色号不在 MARD 221 内，未计入，请放大核对；第 14 行有 23 格未读清或色号不在 MARD 221 内，未计入，请放大核对；第 15 行有 17 格未读清或色号不在 MARD 221 内，未计入，请放大核对；第 16 行有 14 格未读清或色号不在 MARD 221 内，未计入，请放大核对；第 17 行有 14 格未读清或色号不在 MARD 221 内，未计入，请放大核对；第 18 行有 12 格未读清或色号不在 MARD 221 内，未计入，请放大核对；第 19 行有 12 格未读清或色号不在 MARD 221 内，未计入，请放大核对；第 20 行有 12 格未读清或色号不在 MARD 221 内，未计入，请放大核对；第 21 行有 10 格未读清或色号不在 MARD 221 内，未计入，请放大核对；第 22 行有 9 格未读清或色号不在 MARD 221 内，未计入，请放大核对；第 23 行有 9 格未读清或色号不在 MARD 221 内，未计入，请放大核对；第 24 行有 9 格未读清或色号,not-performed,not-measured
old100,M007,pattern,https://www.bitbead.app/en/library/ce1aa820-fdf7-482f-885c-8c0c592917a7,grid-labels-without-legend,,True,pixel-glyph-0.12.0-dev,partial,grid,True,True,1379,1.229,138.65,"{""A14"": 6, ""A16"": 9, ""A17"": 42, ""A19"": 2, ""A21"": 2, ""A22"": 7, ""A24"": 1, ""A26"": 276, ""A4"": 4, ""A5"": 17, ""A6"": 11, ""A7"": 87, ""A8"": 38, ""B12"": 4, ""B15"": 1, ""B17"": 1, ""B21"": 5, ""B23"": 6, ""B32"": 20, ""B8"": 1, ""B9"": 62, ""F10"": 3, ""F11"": 29, ""F13"": 2, ""F18"": 2, ""G20"": 22, ""G6"": 42, ""G8"": 1, ""H17"": 1, ""H19"": 2, ""H2"": 259, ""H7"": 414}",{},逐格候选已读取；外围是否截断尚未证明，未读清格不计为零；第 1 行有 58 格未读清或色号不在 MARD 221 内，未计入，请放大核对；第 2 行有 58 格未读清或色号不在 MARD 221 内，未计入，请放大核对；第 3 行有 58 格未读清或色号不在 MARD 221 内，未计入，请放大核对；第 4 行有 58 格未读清或色号不在 MARD 221 内，未计入，请放大核对；第 5 行有 58 格未读清或色号不在 MARD 221 内，未计入，请放大核对；第 6 行有 58 格未读清或色号不在 MARD 221 内，未计入，请放大核对；第 7 行有 58 格未读清或色号不在 MARD 221 内，未计入，请放大核对；第 8 行有 58 格未读清或色号不在 MARD 221 内，未计入，请放大核对；第 9 行有 58 格未读清或色号不在 MARD 221 内，未计入，请放大核对；第 10 行有 52 格未读清或色号不在 MARD 221 内，未计入，请放大核对；第 11 行有 48 格未读清或色号不在 MARD 221 内，未计入，请放大核对；第 12 行有 47 格未读清或色号不在 MARD 221 内，未计入，请放大核对；第 13 行有 47 格未读清或色号不在 MARD 221 内，未计入，请放大核对；第 14 行有 46 格未读清或色号不在 MARD 221 内，未计入，请放大核对；第 15 行有 47 格未读清或色号不在 MARD 221 内，未计入，请放大核对；第 16 行有 46 格未读清或色号不在 MARD 221 内，未计入，请放大核对；第 17 行有 46 格未读清或色号不在 MARD 221 内，未计入，请放大核对；第 18 行有 46 格未读清或色号不在 MARD 221 内，未计入，请放大核对；第 19 行有 46 格未读清或色号不在 MARD 221 内，未计入，请放大核对；第 20 行有 46 格未读清或色号不在 MARD 221 内，未计入，请放大核对；第 21 行有 46 格未读清或色号不在 MARD 221 内，未计入，请放大核对；第 22 行有 46 格未读清或色号不在 MARD 221 内，未计入，请放大核对；第 23 行有 46 格未读清或色号不在 MARD 221 内，未计入，请放大核对；第 24 行有 45 格未读清,not-performed,not-measured
old100,M008,pattern,https://www.bitbead.app/en/library/56addde3-75ed-4a51-91fa-93bf42be9848,grid-labels-without-legend,,True,pixel-glyph-0.12.0-dev,partial,grid,True,True,3480,0.776,129.85,"{""B21"": 100, ""C19"": 200, ""C26"": 717, ""G13"": 347, ""G14"": 241, ""G17"": 513, ""G7"": 289, ""H6"": 406, ""H7"": 103, ""M14"": 564}",{},逐格候选已读取；外围是否截断尚未证明，未读清格不计为零,not-performed,not-measured
old100,M009,pattern,https://www.bitbead.app/en/library/aa37a783-98ba-4ac2-be52-3180c83100d2,grid-labels-without-legend,,True,pixel-glyph-0.12.0-dev,partial,grid,True,True,1412,0.852,122.74,"{""A1"": 326, ""A12"": 45, ""A13"": 30, ""A16"": 34, ""A17"": 31, ""A2"": 91, ""A20"": 56, ""F3"": 30, ""G15"": 49, ""G20"": 21, ""G8"": 140, ""H13"": 82, ""H6"": 172, ""H7"": 305}",{},逐格候选已读取；外围是否截断尚未证明，未读清格不计为零；第 1 行有 57 格未读清或色号不在 MARD 221 内，未计入，请放大核对；第 2 行有 56 格未读清或色号不在 MARD 221 内，未计入，请放大核对；第 3 行有 55 格未读清或色号不在 MARD 221 内，未计入，请放大核对；第 4 行有 54 格未读清或色号不在 MARD 221 内，未计入，请放大核对；第 5 行有 51 格未读清或色号不在 MARD 221 内，未计入，请放大核对；第 6 行有 45 格未读清或色号不在 MARD 221 内，未计入，请放大核对；第 7 行有 45 格未读清或色号不在 MARD 221 内，未计入，请放大核对；第 8 行有 46 格未读清或色号不在 MARD 221 内，未计入，请放大核对；第 9 行有 46 格未读清或色号不在 MARD 221 内，未计入，请放大核对；第 10 行有 44 格未读清或色号不在 MARD 221 内，未计入，请放大核对；第 11 行有 44 格未读清或色号不在 MARD 221 内，未计入，请放大核对；第 12 行有 44 格未读清或色号不在 MARD 221 内，未计入，请放大核对；第 13 行有 44 格未读清或色号不在 MARD 221 内，未计入，请放大核对；第 14 行有 43 格未读清或色号不在 MARD 221 内，未计入，请放大核对；第 15 行有 41 格未读清或色号不在 MARD 221 内，未计入，请放大核对；第 16 行有 41 格未读清或色号不在 MARD 221 内，未计入，请放大核对；第 17 行有 39 格未读清或色号不在 MARD 221 内，未计入，请放大核对；第 18 行有 39 格未读清或色号不在 MARD 221 内，未计入，请放大核对；第 19 行有 39 格未读清或色号不在 MARD 221 内，未计入，请放大核对；第 20 行有 39 格未读清或色号不在 MARD 221 内，未计入，请放大核对；第 21 行有 38 格未读清或色号不在 MARD 221 内，未计入，请放大核对；第 22 行有 37 格未读清或色号不在 MARD 221 内，未计入，请放大核对；第 23 行有 38 格未读清或色号不在 MARD 221 内，未计入，请放大核对；第 24 行有 39 格未读清,not-performed,not-measured
old100,M010,pattern,https://www.bitbead.app/en/library/d7cee4ed-3dd2-4d79-a50f-924129b422f6,grid-labels-without-legend,,True,pixel-glyph-0.12.0-dev,partial,grid,True,True,365,0.489,109.49,"{""A17"": 115, ""A20"": 178, ""H7"": 72}",{},逐格候选已读取；外围是否截断尚未证明，未读清格不计为零；第 2 行有 57 格未读清或色号不在 MARD 221 内，未计入，请放大核对；第 3 行有 54 格未读清或色号不在 MARD 221 内，未计入，请放大核对；第 4 行有 58 格未读清或色号不在 MARD 221 内，未计入，请放大核对；第 5 行有 58 格未读清或色号不在 MARD 221 内，未计入，请放大核对；第 6 行有 58 格未读清或色号不在 MARD 221 内，未计入，请放大核对；第 7 行有 49 格未读清或色号不在 MARD 221 内，未计入，请放大核对；第 8 行有 48 格未读清或色号不在 MARD 221 内，未计入，请放大核对；第 9 行有 45 格未读清或色号不在 MARD 221 内，未计入，请放大核对；第 10 行有 43 格未读清或色号不在 MARD 221 内，未计入，请放大核对；第 11 行有 44 格未读清或色号不在 MARD 221 内，未计入，请放大核对；第 12 行有 44 格未读清或色号不在 MARD 221 内，未计入，请放大核对；第 13 行有 42 格未读清或色号不在 MARD 221 内，未计入，请放大核对；第 14 行有 42 格未读清或色号不在 MARD 221 内，未计入，请放大核对；第 15 行有 41 格未读清或色号不在 MARD 221 内，未计入，请放大核对；第 16 行有 42 格未读清或色号不在 MARD 221 内，未计入，请放大核对；第 17 行有 41 格未读清或色号不在 MARD 221 内，未计入，请放大核对；第 18 行有 42 格未读清或色号不在 MARD 221 内，未计入，请放大核对；第 19 行有 42 格未读清或色号不在 MARD 221 内，未计入，请放大核对；第 20 行有 42 格未读清或色号不在 MARD 221 内，未计入，请放大核对；第 21 行有 42 格未读清或色号不在 MARD 221 内，未计入，请放大核对；第 22 行有 43 格未读清或色号不在 MARD 221 内，未计入，请放大核对；第 23 行有 43 格未读清或色号不在 MARD 221 内，未计入，请放大核对；第 24 行有 46 格未读清或色号不在 MARD 221 内，未计入，请放大核对；第 25 行有 46 格未读,not-performed,not-measured
old100,M011,pattern,https://www.bitbead.app/en/library/1d967abc-9c6b-453a-8fee-2d91c281be44,grid-labels-without-legend,,True,pixel-glyph-0.12.0-dev,partial,grid,True,True,3136,0.783,124.34,"{""H2"": 732, ""H20"": 64, ""H23"": 78, ""H3"": 237, ""H4"": 111, ""H5"": 646, ""H6"": 476, ""H7"": 354, ""M15"": 438}",{},逐格候选已读取；外围是否截断尚未证明，未读清格不计为零,not-performed,not-measured
old100,M012,pattern,https://www.bitbead.app/en/library/1d70a9b3-f31e-4176-b3e3-c71926657c12,grid-labels-without-legend,,True,pixel-glyph-0.12.0-dev,partial,grid,True,True,2323,1.132,133.43,"{""E1"": 180, ""E15"": 16, ""F1"": 20, ""F11"": 17, ""F14"": 13, ""F20"": 467, ""F21"": 592, ""F22"": 316, ""F24"": 263, ""F6"": 13, ""F7"": 7, ""G14"": 24, ""G21"": 26, ""H10"": 24, ""H20"": 14, ""H3"": 47, ""H4"": 48, ""M12"": 18, ""M14"": 11, ""M8"": 207}",{},逐格候选已读取；外围是否截断尚未证明，未读清格不计为零；第 1 行有 64 格未读清或色号不在 MARD 221 内，未计入，请放大核对；第 2 行有 64 格未读清或色号不在 MARD 221 内，未计入，请放大核对；第 3 行有 64 格未读清或色号不在 MARD 221 内，未计入，请放大核对；第 4 行有 61 格未读清或色号不在 MARD 221 内，未计入，请放大核对；第 5 行有 49 格未读清或色号不在 MARD 221 内，未计入，请放大核对；第 6 行有 43 格未读清或色号不在 MARD 221 内，未计入，请放大核对；第 7 行有 38 格未读清或色号不在 MARD 221 内，未计入，请放大核对；第 8 行有 35 格未读清或色号不在 MARD 221 内，未计入，请放大核对；第 9 行有 23 格未读清或色号不在 MARD 221 内，未计入，请放大核对；第 10 行有 19 格未读清或色号不在 MARD 221 内，未计入，请放大核对；第 11 行有 17 格未读清或色号不在 MARD 221 内，未计入，请放大核对；第 12 行有 15 格未读清或色号不在 MARD 221 内，未计入，请放大核对；第 13 行有 13 格未读清或色号不在 MARD 221 内，未计入，请放大核对；第 14 行有 12 格未读清或色号不在 MARD 221 内，未计入，请放大核对；第 15 行有 11 格未读清或色号不在 MARD 221 内，未计入，请放大核对；第 16 行有 11 格未读清或色号不在 MARD 221 内，未计入，请放大核对；第 17 行有 10 格未读清或色号不在 MARD 221 内，未计入，请放大核对；第 18 行有 9 格未读清或色号不在 MARD 221 内，未计入，请放大核对；第 19 行有 9 格未读清或色号不在 MARD 221 内，未计入，请放大核对；第 20 行有 9 格未读清或色号不在 MARD 221 内，未计入，请放大核对；第 21 行有 9 格未读清或色号不在 MARD 221 内，未计入，请放大核对；第 22 行有 8 格未读清或色号不在 MARD 221 内，未计入，请放大核对；第 23 行有 8 格未读清或色号不在 MARD 221 内，未计入，请放大核对；第 24 行有 6 格未读清或色号不在 M,not-performed,not-measured
old100,M013,pattern,https://www.bitbead.app/en/library/fc38422c-d8dc-413f-ac06-e782b66e73e4,grid-labels-without-legend,,True,pixel-glyph-0.12.0-dev,partial,grid,True,True,910,1.063,109.49,"{""E15"": 4, ""F10"": 11, ""F21"": 7, ""F24"": 2, ""G10"": 63, ""G12"": 72, ""G13"": 9, ""G19"": 79, ""G9"": 50, ""H1"": 18, ""H14"": 13, ""H2"": 114, ""H23"": 29, ""H3"": 36, ""H4"": 46, ""H5"": 342, ""H9"": 4, ""M15"": 9, ""M4"": 2}",{},逐格候选已读取；外围是否截断尚未证明，未读清格不计为零；第 1 行有 32 格未读清或色号不在 MARD 221 内，未计入，请放大核对；第 2 行有 30 格未读清或色号不在 MARD 221 内，未计入，请放大核对；第 3 行有 25 格未读清或色号不在 MARD 221 内，未计入，请放大核对；第 4 行有 24 格未读清或色号不在 MARD 221 内，未计入，请放大核对；第 5 行有 14 格未读清或色号不在 MARD 221 内，未计入，请放大核对；第 6 行有 5 格未读清或色号不在 MARD 221 内，未计入，请放大核对；第 7 行有 5 格未读清或色号不在 MARD 221 内，未计入，请放大核对；第 8 行有 5 格未读清或色号不在 MARD 221 内，未计入，请放大核对；第 9 行有 6 格未读清或色号不在 MARD 221 内，未计入，请放大核对；第 10 行有 6 格未读清或色号不在 MARD 221 内，未计入，请放大核对；第 11 行有 7 格未读清或色号不在 MARD 221 内，未计入，请放大核对；第 12 行有 6 格未读清或色号不在 MARD 221 内，未计入，请放大核对；第 13 行有 6 格未读清或色号不在 MARD 221 内，未计入，请放大核对；第 14 行有 7 格未读清或色号不在 MARD 221 内，未计入，请放大核对；第 15 行有 7 格未读清或色号不在 MARD 221 内，未计入，请放大核对；第 16 行有 9 格未读清或色号不在 MARD 221 内，未计入，请放大核对；第 17 行有 8 格未读清或色号不在 MARD 221 内，未计入，请放大核对；第 18 行有 10 格未读清或色号不在 MARD 221 内，未计入，请放大核对；第 19 行有 10 格未读清或色号不在 MARD 221 内，未计入，请放大核对；第 20 行有 10 格未读清或色号不在 MARD 221 内，未计入，请放大核对；第 21 行有 8 格未读清或色号不在 MARD 221 内，未计入，请放大核对；第 22 行有 7 格未读清或色号不在 MARD 221 内，未计入，请放大核对；第 23 行有 11 格未读清或色号不在 MARD 221 内，未计入，请放大核对；第 24 行有 17 格未读清或色号不在 MARD 221,not-performed,not-measured
old100,M014,pattern,https://www.bitbead.app/en/library/794c6312-dcdf-4fd9-82b2-ad49c966b9c7,grid-labels-without-legend,,True,pixel-glyph-0.12.0-dev,partial,grid,True,True,35264,18.334,256.38,"{""A15"": 25, ""A22"": 8, ""A3"": 9, ""A4"": 11, ""B10"": 27, ""B11"": 9, ""B12"": 5, ""B15"": 12, ""B17"": 302, ""B18"": 115, ""B21"": 36, ""B22"": 54, ""B23"": 168, ""B24"": 15, ""B25"": 32, ""B27"": 8, ""B29"": 199, ""B30"": 12, ""B31"": 13, ""B32"": 63, ""B9"": 13, ""C1"": 24, ""C10"": 49, ""C12"": 5728, ""C13"": 309, ""C14"": 780, ""C16"": 1746, ""C17"": 34, ""C18"": 1543, ""C19"": 21, ""C2"": 27, ""C20"": 573, ""C21"": 910, ""C22"": 123, ""C23"": 665, ""C24"": 522, ""C25"": 93, ""C26"": 85, ""C27"": 2422, ""C28"": 818, ""C29"": 1464, ""C3"": 201, ""C4"": 16, ""C5"": 11, ""C6"": 1144, ""C7"": 2266, ""C8"": 215, ""C9"": 21, ""D1"": 446, ""D10"": 149, ""D11"": 476, ""D16"": 618, ""D17"": 114, ""D19"": 73, ""D2"": 647, ""D22"": 173, ""D23"": 14, ""D24"": 1086, ""D25"": 11, ""D3"": 281, ""D4"": 506, ""D6"": 20, ""D8"": 18, ""D9"": 22, ""E2"": 22, ""E20"": 8, ""E23"": 37, ""E24"": 29, ""H1"": 28, ""H10"": 22, ""H11"": 25, ""H14"": 76, ""H15"": 217, ""H17"": 29, ""H18"": 21, ""H2"": 1054, ""H20"": 222, ""H22"": 82, ""H23"": 8, ""H3"": 32, ""H4"": 25, ""H5"": 150, ""H6"": 1539, ""H7"": 3540, ""H8"": 8, ""H9"": 99, ""M1"": 35, ""M10"": 31, ""M11"": 13, ""M15"": 10, ""M2"": 55, ""M3"": 231, ""M5"": 16}",{},逐格候选已读取；外围是否截断尚未证明，未读清格不计为零,not-performed,not-measured
old100,M015,pattern,https://www.bitbead.app/en/library/ffd354ac-808a-4194-aa17-fef4293f68f9,grid-labels-without-legend,,True,pixel-glyph-0.12.0-dev,partial,grid,True,True,3364,0.667,217.2,"{""C29"": 101, ""D10"": 807, ""D22"": 18, ""D4"": 122, ""D7"": 1117, ""E13"": 73, ""F7"": 20, ""H7"": 2, ""M11"": 996, ""M12"": 108}",{},逐格候选已读取；外围是否截断尚未证明，未读清格不计为零,not-performed,not-measured
old100,M016,pattern,https://www.bitbead.app/en/library/c0907989-e9ae-405c-b678-a11598ef1710,grid-labels-without-legend,,True,pixel-glyph-0.12.0-dev,partial,grid,True,True,1112,0.414,217.2,"{""B11"": 612, ""B17"": 104, ""B22"": 368, ""B9"": 12, ""H2"": 16}",{},逐格候选已读取；外围是否截断尚未证明，未读清格不计为零；第 1 行有 40 格未读清或色号不在 MARD 221 内，未计入，请放大核对；第 2 行有 40 格未读清或色号不在 MARD 221 内，未计入，请放大核对；第 3 行有 34 格未读清或色号不在 MARD 221 内，未计入，请放大核对；第 4 行有 34 格未读清或色号不在 MARD 221 内，未计入，请放大核对；第 5 行有 30 格未读清或色号不在 MARD 221 内，未计入，请放大核对；第 6 行有 30 格未读清或色号不在 MARD 221 内，未计入，请放大核对；第 7 行有 24 格未读清或色号不在 MARD 221 内，未计入，请放大核对；第 8 行有 24 格未读清或色号不在 MARD 221 内，未计入，请放大核对；第 9 行有 22 格未读清或色号不在 MARD 221 内，未计入，请放大核对；第 10 行有 22 格未读清或色号不在 MARD 221 内，未计入，请放大核对；第 11 行有 20 格未读清或色号不在 MARD 221 内，未计入，请放大核对；第 12 行有 20 格未读清或色号不在 MARD 221 内，未计入，请放大核对；第 13 行有 24 格未读清或色号不在 MARD 221 内，未计入，请放大核对；第 14 行有 24 格未读清或色号不在 MARD 221 内，未计入，请放大核对；第 15 行有 24 格未读清或色号不在 MARD 221 内，未计入，请放大核对；第 16 行有 24 格未读清或色号不在 MARD 221 内，未计入，请放大核对；第 17 行有 20 格未读清或色号不在 MARD 221 内，未计入，请放大核对；第 18 行有 20 格未读清或色号不在 MARD 221 内，未计入，请放大核对；第 19 行有 24 格未读清或色号不在 MARD 221 内，未计入，请放大核对；第 20 行有 24 格未读清或色号不在 MARD 221 内，未计入，请放大核对；第 21 行有 20 格未读清或色号不在 MARD 221 内，未计入，请放大核对；第 22 行有 20 格未读清或色号不在 MARD 221 内，未计入，请放大核对；第 23 行有 14 格未读清或色号不在 MARD 221 内，未计入，请放大核对；第 24 行有 14 格未读清,not-performed,not-measured
old100,M017,pattern,https://www.bitbead.app/en/library/d31be616-01d1-4142-b770-9dccfe25ed2a,grid-labels-without-legend,,True,pixel-glyph-0.12.0-dev,partial,grid,True,True,2743,0.739,217.2,"{""G10"": 1359, ""G4"": 253, ""H1"": 5, ""H2"": 460, ""H7"": 645, ""M13"": 21}",{},逐格候选已读取；外围是否截断尚未证明，未读清格不计为零；第 1 行有 64 格未读清或色号不在 MARD 221 内，未计入，请放大核对；第 2 行有 64 格未读清或色号不在 MARD 221 内，未计入，请放大核对；第 3 行有 64 格未读清或色号不在 MARD 221 内，未计入，请放大核对；第 4 行有 64 格未读清或色号不在 MARD 221 内，未计入，请放大核对；第 5 行有 64 格未读清或色号不在 MARD 221 内，未计入，请放大核对；第 6 行有 50 格未读清或色号不在 MARD 221 内，未计入，请放大核对；第 7 行有 43 格未读清或色号不在 MARD 221 内，未计入，请放大核对；第 8 行有 38 格未读清或色号不在 MARD 221 内，未计入，请放大核对；第 9 行有 30 格未读清或色号不在 MARD 221 内，未计入，请放大核对；第 10 行有 27 格未读清或色号不在 MARD 221 内，未计入，请放大核对；第 11 行有 25 格未读清或色号不在 MARD 221 内，未计入，请放大核对；第 12 行有 22 格未读清或色号不在 MARD 221 内，未计入，请放大核对；第 13 行有 20 格未读清或色号不在 MARD 221 内，未计入，请放大核对；第 14 行有 18 格未读清或色号不在 MARD 221 内，未计入，请放大核对；第 15 行有 16 格未读清或色号不在 MARD 221 内，未计入，请放大核对；第 16 行有 14 格未读清或色号不在 MARD 221 内，未计入，请放大核对；第 17 行有 11 格未读清或色号不在 MARD 221 内，未计入，请放大核对；第 18 行有 11 格未读清或色号不在 MARD 221 内，未计入，请放大核对；第 19 行有 10 格未读清或色号不在 MARD 221 内，未计入，请放大核对；第 20 行有 8 格未读清或色号不在 MARD 221 内，未计入，请放大核对；第 21 行有 8 格未读清或色号不在 MARD 221 内，未计入，请放大核对；第 22 行有 7 格未读清或色号不在 MARD 221 内，未计入，请放大核对；第 23 行有 7 格未读清或色号不在 MARD 221 内，未计入，请放大核对；第 24 行有 7 格未读清或色号不在,not-performed,not-measured
old100,M018,pattern,https://www.bitbead.app/en/library/5a16c0d3-5c16-4a64-815b-6b99ff81ae62,grid-labels-without-legend,,True,pixel-glyph-0.12.0-dev,partial,grid,True,True,869,0.385,217.2,"{""A17"": 131, ""B13"": 338, ""F11"": 15, ""F14"": 28, ""G13"": 7, ""G2"": 108, ""G8"": 225, ""H18"": 9, ""H2"": 8}",{},逐格候选已读取；外围是否截断尚未证明，未读清格不计为零；第 1 行有 31 格未读清或色号不在 MARD 221 内，未计入，请放大核对；第 2 行有 29 格未读清或色号不在 MARD 221 内，未计入，请放大核对；第 3 行有 27 格未读清或色号不在 MARD 221 内，未计入，请放大核对；第 4 行有 23 格未读清或色号不在 MARD 221 内，未计入，请放大核对；第 5 行有 21 格未读清或色号不在 MARD 221 内，未计入，请放大核对；第 6 行有 18 格未读清或色号不在 MARD 221 内，未计入，请放大核对；第 7 行有 18 格未读清或色号不在 MARD 221 内，未计入，请放大核对；第 8 行有 15 格未读清或色号不在 MARD 221 内，未计入，请放大核对；第 9 行有 14 格未读清或色号不在 MARD 221 内，未计入，请放大核对；第 10 行有 16 格未读清或色号不在 MARD 221 内，未计入，请放大核对；第 11 行有 18 格未读清或色号不在 MARD 221 内，未计入，请放大核对；第 12 行有 16 格未读清或色号不在 MARD 221 内，未计入，请放大核对；第 13 行有 14 格未读清或色号不在 MARD 221 内，未计入，请放大核对；第 14 行有 14 格未读清或色号不在 MARD 221 内，未计入，请放大核对；第 15 行有 12 格未读清或色号不在 MARD 221 内，未计入，请放大核对；第 16 行有 12 格未读清或色号不在 MARD 221 内，未计入，请放大核对；第 17 行有 12 格未读清或色号不在 MARD 221 内，未计入，请放大核对；第 18 行有 10 格未读清或色号不在 MARD 221 内，未计入，请放大核对；第 19 行有 10 格未读清或色号不在 MARD 221 内，未计入，请放大核对；第 20 行有 10 格未读清或色号不在 MARD 221 内，未计入，请放大核对；第 21 行有 8 格未读清或色号不在 MARD 221 内，未计入，请放大核对；第 22 行有 8 格未读清或色号不在 MARD 221 内，未计入，请放大核对；第 23 行有 8 格未读清或色号不在 MARD 221 内，未计入，请放大核对；第 24 行有 8 格未读清或色号不,not-performed,not-measured
old100,M019,pattern,https://www.bitbead.app/en/library/d43cea3e-440a-460e-8f8c-3b8c9a207ce9,grid-labels-without-legend,,True,pixel-glyph-0.12.0-dev,partial,grid,True,True,3008,0.697,217.2,"{""A21"": 573, ""A25"": 567, ""C29"": 12, ""E14"": 235, ""F15"": 60, ""G1"": 1052, ""G3"": 162, ""H7"": 140, ""M14"": 207}",{},逐格候选已读取；外围是否截断尚未证明，未读清格不计为零；第 1 行有 7 格未读清或色号不在 MARD 221 内，未计入，请放大核对；第 2 行有 7 格未读清或色号不在 MARD 221 内，未计入，请放大核对；第 3 行有 7 格未读清或色号不在 MARD 221 内，未计入，请放大核对；第 4 行有 7 格未读清或色号不在 MARD 221 内，未计入，请放大核对；第 5 行有 7 格未读清或色号不在 MARD 221 内，未计入，请放大核对；第 6 行有 7 格未读清或色号不在 MARD 221 内，未计入，请放大核对；第 7 行有 6 格未读清或色号不在 MARD 221 内，未计入，请放大核对；第 8 行有 4 格未读清或色号不在 MARD 221 内，未计入，请放大核对；第 9 行有 2 格未读清或色号不在 MARD 221 内，未计入，请放大核对；第 10 行有 3 格未读清或色号不在 MARD 221 内，未计入，请放大核对；第 11 行有 2 格未读清或色号不在 MARD 221 内，未计入，请放大核对；第 12 行有 1 格未读清或色号不在 MARD 221 内，未计入，请放大核对；第 27 行有 1 格未读清或色号不在 MARD 221 内，未计入，请放大核对；第 28 行有 1 格未读清或色号不在 MARD 221 内，未计入，请放大核对；第 29 行有 2 格未读清或色号不在 MARD 221 内，未计入，请放大核对；第 30 行有 3 格未读清或色号不在 MARD 221 内，未计入，请放大核对；第 31 行有 5 格未读清或色号不在 MARD 221 内，未计入，请放大核对；第 32 行有 10 格未读清或色号不在 MARD 221 内，未计入，请放大核对；第 33 行有 10 格未读清或色号不在 MARD 221 内，未计入，请放大核对；第 34 行有 10 格未读清或色号不在 MARD 221 内，未计入，请放大核对；第 35 行有 10 格未读清或色号不在 MARD 221 内，未计入，请放大核对；第 36 行有 10 格未读清或色号不在 MARD 221 内，未计入，请放大核对；第 37 行有 10 格未读清或色号不在 MARD 221 内，未计入，请放大核对；第 38 行有 9 格未读清或色号不在 MARD 221 内，未,not-performed,not-measured
old100,M020,pattern,https://www.bitbead.app/en/library/49f0e9d1-4ca2-498f-a985-4ccdb16c4cc9,grid-labels-without-legend,,True,pixel-glyph-0.12.0-dev,partial,grid,True,True,285,0.189,217.2,"{""B25"": 4, ""E20"": 4, ""E23"": 1, ""H20"": 2, ""H3"": 193, ""H4"": 10, ""H5"": 67, ""M10"": 4}",{},逐格候选已读取；外围是否截断尚未证明，未读清格不计为零；第 1 行有 16 格未读清或色号不在 MARD 221 内，未计入，请放大核对；第 2 行有 12 格未读清或色号不在 MARD 221 内，未计入，请放大核对；第 3 行有 9 格未读清或色号不在 MARD 221 内，未计入，请放大核对；第 4 行有 4 格未读清或色号不在 MARD 221 内，未计入，请放大核对；第 5 行有 4 格未读清或色号不在 MARD 221 内，未计入，请放大核对；第 6 行有 3 格未读清或色号不在 MARD 221 内，未计入，请放大核对；第 7 行有 3 格未读清或色号不在 MARD 221 内，未计入，请放大核对；第 8 行有 2 格未读清或色号不在 MARD 221 内，未计入，请放大核对；第 9 行有 2 格未读清或色号不在 MARD 221 内，未计入，请放大核对；第 10 行有 2 格未读清或色号不在 MARD 221 内，未计入，请放大核对；第 11 行有 3 格未读清或色号不在 MARD 221 内，未计入，请放大核对；第 12 行有 3 格未读清或色号不在 MARD 221 内，未计入，请放大核对；第 13 行有 4 格未读清或色号不在 MARD 221 内，未计入，请放大核对；第 14 行有 5 格未读清或色号不在 MARD 221 内，未计入，请放大核对；第 15 行有 4 格未读清或色号不在 MARD 221 内，未计入，请放大核对；第 16 行有 3 格未读清或色号不在 MARD 221 内，未计入，请放大核对；第 17 行有 2 格未读清或色号不在 MARD 221 内，未计入，请放大核对；第 18 行有 2 格未读清或色号不在 MARD 221 内，未计入，请放大核对；第 19 行有 1 格未读清或色号不在 MARD 221 内，未计入，请放大核对；第 20 行有 1 格未读清或色号不在 MARD 221 内，未计入，请放大核对；第 21 行有 3 格未读清或色号不在 MARD 221 内，未计入，请放大核对；第 22 行有 6 格未读清或色号不在 MARD 221 内，未计入，请放大核对；第 23 行有 16 格未读清或色号不在 MARD 221 内，未计入，请放大核对,not-performed,not-measured
old100,M021,pattern,https://www.bitbead.app/en/library/ebcb7ab2-b84f-409c-8098-ead14b39870e,grid-labels-without-legend,,True,pixel-glyph-0.12.0-dev,partial,grid,True,True,30030,9.04,238.82,"{""A1"": 1, ""A10"": 92, ""A12"": 2, ""A13"": 2, ""A14"": 202, ""A18"": 136, ""A20"": 1, ""A6"": 1, ""B26"": 1, ""E15"": 3, ""E17"": 11, ""F10"": 22, ""F11"": 1197, ""F13"": 5, ""F14"": 2, ""F15"": 3060, ""F16"": 1, ""F17"": 2, ""F19"": 49, ""F23"": 1, ""F24"": 2, ""F25"": 9, ""F3"": 2, ""F5"": 3, ""F6"": 484, ""F8"": 6343, ""F9"": 2, ""G10"": 30, ""G12"": 102, ""G13"": 5, ""G14"": 16, ""G15"": 162, ""G17"": 3, ""G18"": 3, ""G19"": 12, ""G20"": 885, ""G21"": 2, ""G3"": 1, ""G5"": 5, ""G6"": 2437, ""G7"": 31, ""G8"": 16, ""G9"": 1, ""H1"": 15, ""H10"": 1, ""H11"": 1, ""H12"": 2, ""H13"": 4, ""H16"": 557, ""H17"": 8, ""H18"": 3, ""H2"": 2360, ""H21"": 14, ""H23"": 1, ""H4"": 42, ""H5"": 116, ""H6"": 1, ""H7"": 11472, ""H8"": 6, ""M1"": 3, ""M12"": 2, ""M15"": 30, ""M5"": 2, ""M9"": 43}",{},逐格候选已读取；外围是否截断尚未证明，未读清格不计为零；第 1 行有 138 格未读清或色号不在 MARD 221 内，未计入，请放大核对；第 2 行有 138 格未读清或色号不在 MARD 221 内，未计入，请放大核对；第 3 行有 138 格未读清或色号不在 MARD 221 内，未计入，请放大核对；第 4 行有 138 格未读清或色号不在 MARD 221 内，未计入，请放大核对；第 5 行有 8 格未读清或色号不在 MARD 221 内，未计入，请放大核对；第 6 行有 8 格未读清或色号不在 MARD 221 内，未计入，请放大核对；第 7 行有 8 格未读清或色号不在 MARD 221 内，未计入，请放大核对；第 8 行有 8 格未读清或色号不在 MARD 221 内，未计入，请放大核对；第 9 行有 8 格未读清或色号不在 MARD 221 内，未计入，请放大核对；第 10 行有 8 格未读清或色号不在 MARD 221 内，未计入，请放大核对；第 11 行有 8 格未读清或色号不在 MARD 221 内，未计入，请放大核对；第 12 行有 8 格未读清或色号不在 MARD 221 内，未计入，请放大核对；第 13 行有 8 格未读清或色号不在 MARD 221 内，未计入，请放大核对；第 14 行有 8 格未读清或色号不在 MARD 221 内，未计入，请放大核对；第 15 行有 8 格未读清或色号不在 MARD 221 内，未计入，请放大核对；第 16 行有 8 格未读清或色号不在 MARD 221 内，未计入，请放大核对；第 17 行有 8 格未读清或色号不在 MARD 221 内，未计入，请放大核对；第 18 行有 8 格未读清或色号不在 MARD 221 内，未计入，请放大核对；第 19 行有 8 格未读清或色号不在 MARD 221 内，未计入，请放大核对；第 20 行有 8 格未读清或色号不在 MARD 221 内，未计入，请放大核对；第 21 行有 8 格未读清或色号不在 MARD 221 内，未计入，请放大核对；第 22 行有 8 格未读清或色号不在 MARD 221 内，未计入，请放大核对；第 23 行有 8 格未读清或色号不在 MARD 221 内，未计入，请放大核对；第 24 行有 8 格未读清或色号不在 MARD 221 内,not-performed,not-measured
old100,M022,pattern,https://www.bitbead.app/en/library/c5783dfe-b9e7-4c42-bbbd-5c8b243626ae,grid-labels-without-legend,,True,pixel-glyph-0.12.0-dev,partial,grid,True,True,491,0.315,226.26,"{""C24"": 11, ""C27"": 259, ""H2"": 73, ""H7"": 148}",{},逐格候选已读取；外围是否截断尚未证明，未读清格不计为零；第 1 行有 49 格未读清或色号不在 MARD 221 内，未计入，请放大核对；第 2 行有 49 格未读清或色号不在 MARD 221 内，未计入，请放大核对；第 3 行有 49 格未读清或色号不在 MARD 221 内，未计入，请放大核对；第 4 行有 42 格未读清或色号不在 MARD 221 内，未计入，请放大核对；第 5 行有 33 格未读清或色号不在 MARD 221 内，未计入，请放大核对；第 6 行有 25 格未读清或色号不在 MARD 221 内，未计入，请放大核对；第 7 行有 33 格未读清或色号不在 MARD 221 内，未计入，请放大核对；第 8 行有 33 格未读清或色号不在 MARD 221 内，未计入，请放大核对；第 9 行有 33 格未读清或色号不在 MARD 221 内，未计入，请放大核对；第 10 行有 32 格未读清或色号不在 MARD 221 内，未计入，请放大核对；第 11 行有 31 格未读清或色号不在 MARD 221 内，未计入，请放大核对；第 12 行有 31 格未读清或色号不在 MARD 221 内，未计入，请放大核对；第 13 行有 30 格未读清或色号不在 MARD 221 内，未计入，请放大核对；第 14 行有 28 格未读清或色号不在 MARD 221 内，未计入，请放大核对；第 15 行有 27 格未读清或色号不在 MARD 221 内，未计入，请放大核对；第 16 行有 26 格未读清或色号不在 MARD 221 内，未计入，请放大核对；第 17 行有 25 格未读清或色号不在 MARD 221 内，未计入，请放大核对；第 18 行有 25 格未读清或色号不在 MARD 221 内，未计入，请放大核对；第 19 行有 25 格未读清或色号不在 MARD 221 内，未计入，请放大核对；第 20 行有 27 格未读清或色号不在 MARD 221 内，未计入，请放大核对；第 21 行有 29 格未读清或色号不在 MARD 221 内，未计入，请放大核对；第 22 行有 31 格未读清或色号不在 MARD 221 内，未计入，请放大核对；第 23 行有 31 格未读清或色号不在 MARD 221 内，未计入，请放大核对；第 24 行有 31 格未读清,not-performed,not-measured
old100,M023,pattern,https://www.bitbead.app/en/library/5003b98e-867d-4e16-ba95-16b338196b65,grid-labels-without-legend,,True,pixel-glyph-0.12.0-dev,partial,grid,True,True,127,0.108,226.26,"{""A10"": 4, ""A8"": 1, ""H16"": 9, ""H2"": 7, ""H5"": 74, ""H7"": 32}",{},逐格候选已读取；外围是否截断尚未证明，未读清格不计为零；第 1 行有 11 格未读清或色号不在 MARD 221 内，未计入，请放大核对；第 2 行有 10 格未读清或色号不在 MARD 221 内，未计入，请放大核对；第 3 行有 8 格未读清或色号不在 MARD 221 内，未计入，请放大核对；第 4 行有 7 格未读清或色号不在 MARD 221 内，未计入，请放大核对；第 5 行有 9 格未读清或色号不在 MARD 221 内，未计入，请放大核对；第 6 行有 8 格未读清或色号不在 MARD 221 内，未计入，请放大核对；第 7 行有 5 格未读清或色号不在 MARD 221 内，未计入，请放大核对；第 8 行有 6 格未读清或色号不在 MARD 221 内，未计入，请放大核对；第 9 行有 5 格未读清或色号不在 MARD 221 内，未计入，请放大核对；第 10 行有 4 格未读清或色号不在 MARD 221 内，未计入，请放大核对；第 11 行有 3 格未读清或色号不在 MARD 221 内，未计入，请放大核对；第 12 行有 3 格未读清或色号不在 MARD 221 内，未计入，请放大核对；第 13 行有 3 格未读清或色号不在 MARD 221 内，未计入，请放大核对；第 14 行有 3 格未读清或色号不在 MARD 221 内，未计入，请放大核对；第 15 行有 3 格未读清或色号不在 MARD 221 内，未计入，请放大核对；第 16 行有 3 格未读清或色号不在 MARD 221 内，未计入，请放大核对；第 17 行有 4 格未读清或色号不在 MARD 221 内，未计入，请放大核对；第 18 行有 5 格未读清或色号不在 MARD 221 内，未计入，请放大核对；第 19 行有 6 格未读清或色号不在 MARD 221 内，未计入，请放大核对；第 20 行有 11 格未读清或色号不在 MARD 221 内，未计入，请放大核对,not-performed,not-measured
old100,M024,pattern,https://www.bitbead.app/en/library/72bf66d7-d535-4d7f-914e-456c2012a67c,grid-labels-without-legend,,True,pixel-glyph-0.12.0-dev,partial,grid,True,True,168,0.151,226.26,"{""E15"": 50, ""E8"": 20, ""F21"": 4, ""F24"": 46, ""F9"": 41, ""H2"": 7}",{},逐格候选已读取；外围是否截断尚未证明，未读清格不计为零；第 1 行有 20 格未读清或色号不在 MARD 221 内，未计入，请放大核对；第 2 行有 12 格未读清或色号不在 MARD 221 内，未计入，请放大核对；第 3 行有 8 格未读清或色号不在 MARD 221 内，未计入，请放大核对；第 4 行有 4 格未读清或色号不在 MARD 221 内，未计入，请放大核对；第 5 行有 2 格未读清或色号不在 MARD 221 内，未计入，请放大核对；第 6 行有 2 格未读清或色号不在 MARD 221 内，未计入，请放大核对；第 7 行有 2 格未读清或色号不在 MARD 221 内，未计入，请放大核对；第 8 行有 4 格未读清或色号不在 MARD 221 内，未计入，请放大核对；第 9 行有 6 格未读清或色号不在 MARD 221 内，未计入，请放大核对；第 10 行有 10 格未读清或色号不在 MARD 221 内，未计入，请放大核对；第 11 行有 8 格未读清或色号不在 MARD 221 内，未计入，请放大核对；第 12 行有 8 格未读清或色号不在 MARD 221 内，未计入，请放大核对；第 13 行有 10 格未读清或色号不在 MARD 221 内，未计入，请放大核对；第 14 行有 16 格未读清或色号不在 MARD 221 内，未计入，请放大核对；第 15 行有 20 格未读清或色号不在 MARD 221 内，未计入，请放大核对,not-performed,not-measured
old100,M025,pattern,https://www.bitbead.app/en/library/c5452d03-88a7-4268-8d54-3072e546bf56,grid-labels-without-legend,,True,pixel-glyph-0.12.0-dev,partial,grid,True,True,1065,0.765,226.26,"{""A23"": 27, ""B11"": 20, ""B12"": 25, ""B15"": 92, ""B23"": 15, ""C18"": 22, ""F10"": 16, ""F11"": 113, ""F17"": 9, ""F19"": 17, ""F23"": 10, ""F6"": 62, ""G14"": 27, ""G16"": 28, ""G17"": 65, ""G21"": 14, ""G7"": 8, ""G8"": 33, ""H13"": 176, ""M12"": 34, ""M14"": 158, ""M2"": 31, ""M5"": 15, ""M7"": 48}",{},逐格候选已读取；外围是否截断尚未证明，未读清格不计为零；第 1 行有 58 格未读清或色号不在 MARD 221 内，未计入，请放大核对；第 2 行有 58 格未读清或色号不在 MARD 221 内，未计入，请放大核对；第 3 行有 58 格未读清或色号不在 MARD 221 内，未计入，请放大核对；第 4 行有 57 格未读清或色号不在 MARD 221 内，未计入，请放大核对；第 5 行有 53 格未读清或色号不在 MARD 221 内，未计入，请放大核对；第 6 行有 47 格未读清或色号不在 MARD 221 内，未计入，请放大核对；第 7 行有 46 格未读清或色号不在 MARD 221 内，未计入，请放大核对；第 8 行有 44 格未读清或色号不在 MARD 221 内，未计入，请放大核对；第 9 行有 43 格未读清或色号不在 MARD 221 内，未计入，请放大核对；第 10 行有 41 格未读清或色号不在 MARD 221 内，未计入，请放大核对；第 11 行有 37 格未读清或色号不在 MARD 221 内，未计入，请放大核对；第 12 行有 35 格未读清或色号不在 MARD 221 内，未计入，请放大核对；第 13 行有 31 格未读清或色号不在 MARD 221 内，未计入，请放大核对；第 14 行有 27 格未读清或色号不在 MARD 221 内，未计入，请放大核对；第 15 行有 27 格未读清或色号不在 MARD 221 内，未计入，请放大核对；第 16 行有 25 格未读清或色号不在 MARD 221 内，未计入，请放大核对；第 17 行有 26 格未读清或色号不在 MARD 221 内，未计入，请放大核对；第 18 行有 25 格未读清或色号不在 MARD 221 内，未计入，请放大核对；第 19 行有 24 格未读清或色号不在 MARD 221 内，未计入，请放大核对；第 20 行有 23 格未读清或色号不在 MARD 221 内，未计入，请放大核对；第 21 行有 22 格未读清或色号不在 MARD 221 内，未计入，请放大核对；第 22 行有 20 格未读清或色号不在 MARD 221 内，未计入，请放大核对；第 23 行有 19 格未读清或色号不在 MARD 221 内，未计入，请放大核对；第 24 行有 18 格未读清,not-performed,not-measured
old100,M026,pattern,https://www.bitbead.app/en/library/1a1d02fb-74b0-4efe-885b-eeb698e5421a,grid-labels-without-legend,,True,pixel-glyph-0.12.0-dev,partial,grid,True,True,512,0.209,226.26,"{""D9"": 63, ""E2"": 89, ""E8"": 166, ""H2"": 194}",{},逐格候选已读取；外围是否截断尚未证明，未读清格不计为零；第 1 行有 32 格未读清或色号不在 MARD 221 内，未计入，请放大核对；第 2 行有 32 格未读清或色号不在 MARD 221 内，未计入，请放大核对；第 3 行有 24 格未读清或色号不在 MARD 221 内，未计入，请放大核对；第 4 行有 20 格未读清或色号不在 MARD 221 内，未计入，请放大核对；第 5 行有 16 格未读清或色号不在 MARD 221 内，未计入，请放大核对；第 6 行有 14 格未读清或色号不在 MARD 221 内，未计入，请放大核对；第 7 行有 14 格未读清或色号不在 MARD 221 内，未计入，请放大核对；第 8 行有 10 格未读清或色号不在 MARD 221 内，未计入，请放大核对；第 9 行有 8 格未读清或色号不在 MARD 221 内，未计入，请放大核对；第 10 行有 6 格未读清或色号不在 MARD 221 内，未计入，请放大核对；第 11 行有 4 格未读清或色号不在 MARD 221 内，未计入，请放大核对；第 12 行有 4 格未读清或色号不在 MARD 221 内，未计入，请放大核对；第 13 行有 4 格未读清或色号不在 MARD 221 内，未计入，请放大核对；第 14 行有 4 格未读清或色号不在 MARD 221 内，未计入，请放大核对；第 15 行有 4 格未读清或色号不在 MARD 221 内，未计入，请放大核对；第 16 行有 6 格未读清或色号不在 MARD 221 内，未计入，请放大核对；第 17 行有 8 格未读清或色号不在 MARD 221 内，未计入，请放大核对；第 18 行有 10 格未读清或色号不在 MARD 221 内，未计入，请放大核对；第 19 行有 10 格未读清或色号不在 MARD 221 内，未计入，请放大核对；第 20 行有 10 格未读清或色号不在 MARD 221 内，未计入，请放大核对；第 21 行有 10 格未读清或色号不在 MARD 221 内，未计入，请放大核对；第 22 行有 10 格未读清或色号不在 MARD 221 内，未计入，请放大核对；第 23 行有 12 格未读清或色号不在 MARD 221 内，未计入，请放大核对；第 24 行有 14 格未读清或色号不在 MAR,not-performed,not-measured
old100,M027,pattern,https://www.bitbead.app/en/library/11672e05-9dd4-4157-a754-eaaabeca7aab,grid-labels-without-legend,,True,pixel-glyph-0.12.0-dev,partial,grid,True,True,974,0.451,226.26,"{""B24"": 65, ""C29"": 12, ""D2"": 38, ""D7"": 51, ""H16"": 4, ""H6"": 421, ""H7"": 383}",{},逐格候选已读取；外围是否截断尚未证明，未读清格不计为零；第 1 行有 43 格未读清或色号不在 MARD 221 内，未计入，请放大核对；第 2 行有 43 格未读清或色号不在 MARD 221 内，未计入，请放大核对；第 3 行有 43 格未读清或色号不在 MARD 221 内，未计入，请放大核对；第 4 行有 38 格未读清或色号不在 MARD 221 内，未计入，请放大核对；第 5 行有 34 格未读清或色号不在 MARD 221 内，未计入，请放大核对；第 6 行有 31 格未读清或色号不在 MARD 221 内，未计入，请放大核对；第 7 行有 31 格未读清或色号不在 MARD 221 内，未计入，请放大核对；第 8 行有 29 格未读清或色号不在 MARD 221 内，未计入，请放大核对；第 9 行有 27 格未读清或色号不在 MARD 221 内，未计入，请放大核对；第 10 行有 26 格未读清或色号不在 MARD 221 内，未计入，请放大核对；第 11 行有 26 格未读清或色号不在 MARD 221 内，未计入，请放大核对；第 12 行有 25 格未读清或色号不在 MARD 221 内，未计入，请放大核对；第 13 行有 23 格未读清或色号不在 MARD 221 内，未计入，请放大核对；第 14 行有 23 格未读清或色号不在 MARD 221 内，未计入，请放大核对；第 15 行有 23 格未读清或色号不在 MARD 221 内，未计入，请放大核对；第 16 行有 20 格未读清或色号不在 MARD 221 内，未计入，请放大核对；第 17 行有 22 格未读清或色号不在 MARD 221 内，未计入，请放大核对；第 18 行有 22 格未读清或色号不在 MARD 221 内，未计入，请放大核对；第 19 行有 23 格未读清或色号不在 MARD 221 内，未计入，请放大核对；第 20 行有 23 格未读清或色号不在 MARD 221 内，未计入，请放大核对；第 21 行有 22 格未读清或色号不在 MARD 221 内，未计入，请放大核对；第 22 行有 22 格未读清或色号不在 MARD 221 内，未计入，请放大核对；第 23 行有 22 格未读清或色号不在 MARD 221 内，未计入，请放大核对；第 24 行有 22 格未读清,not-performed,not-measured
old100,M028,pattern,https://www.bitbead.app/en/library/830ac138-2f1b-4e39-ba3e-3517e2994a64,grid-labels-without-legend,,True,pixel-glyph-0.12.0-dev,partial,grid,True,True,2107,1.151,226.26,"{""A25"": 13, ""B22"": 2, ""B23"": 4, ""C18"": 2, ""C22"": 2, ""F10"": 26, ""F11"": 85, ""F6"": 18, ""G10"": 1, ""G13"": 30, ""G14"": 206, ""G17"": 52, ""G20"": 156, ""G21"": 25, ""G4"": 323, ""G5"": 15, ""G7"": 29, ""G8"": 253, ""H16"": 146, ""H5"": 6, ""H6"": 113, ""H7"": 305, ""M12"": 38, ""M13"": 210, ""M2"": 3, ""M7"": 29, ""M9"": 15}",{},逐格候选已读取；外围是否截断尚未证明，未读清格不计为零；第 1 行有 59 格未读清或色号不在 MARD 221 内，未计入，请放大核对；第 2 行有 59 格未读清或色号不在 MARD 221 内，未计入，请放大核对；第 3 行有 59 格未读清或色号不在 MARD 221 内，未计入，请放大核对；第 4 行有 59 格未读清或色号不在 MARD 221 内，未计入，请放大核对；第 5 行有 47 格未读清或色号不在 MARD 221 内，未计入，请放大核对；第 6 行有 41 格未读清或色号不在 MARD 221 内，未计入，请放大核对；第 7 行有 36 格未读清或色号不在 MARD 221 内，未计入，请放大核对；第 8 行有 33 格未读清或色号不在 MARD 221 内，未计入，请放大核对；第 9 行有 29 格未读清或色号不在 MARD 221 内，未计入，请放大核对；第 10 行有 27 格未读清或色号不在 MARD 221 内，未计入，请放大核对；第 11 行有 24 格未读清或色号不在 MARD 221 内，未计入，请放大核对；第 12 行有 22 格未读清或色号不在 MARD 221 内，未计入，请放大核对；第 13 行有 20 格未读清或色号不在 MARD 221 内，未计入，请放大核对；第 14 行有 18 格未读清或色号不在 MARD 221 内，未计入，请放大核对；第 15 行有 18 格未读清或色号不在 MARD 221 内，未计入，请放大核对；第 16 行有 16 格未读清或色号不在 MARD 221 内，未计入，请放大核对；第 17 行有 15 格未读清或色号不在 MARD 221 内，未计入，请放大核对；第 18 行有 14 格未读清或色号不在 MARD 221 内，未计入，请放大核对；第 19 行有 14 格未读清或色号不在 MARD 221 内，未计入，请放大核对；第 20 行有 14 格未读清或色号不在 MARD 221 内，未计入，请放大核对；第 21 行有 14 格未读清或色号不在 MARD 221 内，未计入，请放大核对；第 22 行有 13 格未读清或色号不在 MARD 221 内，未计入，请放大核对；第 23 行有 12 格未读清或色号不在 MARD 221 内，未计入，请放大核对；第 24 行有 11 格未读清,not-performed,not-measured
old100,M029,pattern,https://www.bitbead.app/en/library/e91dd538-dff1-438b-a768-13d86efef1d5,grid-labels-without-legend,,True,pixel-glyph-0.12.0-dev,partial,grid,True,True,2124,0.953,226.26,"{""A19"": 5, ""A23"": 2, ""B32"": 18, ""E14"": 18, ""F1"": 10, ""F11"": 59, ""F14"": 2, ""F17"": 3, ""G1"": 175, ""G14"": 3, ""G15"": 15, ""G18"": 121, ""G2"": 41, ""G8"": 4, ""H13"": 22, ""H14"": 7, ""H16"": 68, ""H18"": 83, ""H19"": 151, ""H2"": 7, ""H23"": 5, ""H5"": 8, ""H6"": 13, ""H7"": 492, ""H9"": 10, ""M12"": 739, ""M15"": 6, ""M4"": 13, ""M7"": 19, ""M8"": 5}",{},逐格候选已读取；外围是否截断尚未证明，未读清格不计为零；第 1 行有 57 格未读清或色号不在 MARD 221 内，未计入，请放大核对；第 2 行有 57 格未读清或色号不在 MARD 221 内，未计入，请放大核对；第 3 行有 57 格未读清或色号不在 MARD 221 内，未计入，请放大核对；第 4 行有 55 格未读清或色号不在 MARD 221 内，未计入，请放大核对；第 5 行有 53 格未读清或色号不在 MARD 221 内，未计入，请放大核对；第 6 行有 51 格未读清或色号不在 MARD 221 内，未计入，请放大核对；第 7 行有 45 格未读清或色号不在 MARD 221 内，未计入，请放大核对；第 8 行有 36 格未读清或色号不在 MARD 221 内，未计入，请放大核对；第 9 行有 31 格未读清或色号不在 MARD 221 内，未计入，请放大核对；第 10 行有 29 格未读清或色号不在 MARD 221 内，未计入，请放大核对；第 11 行有 26 格未读清或色号不在 MARD 221 内，未计入，请放大核对；第 12 行有 25 格未读清或色号不在 MARD 221 内，未计入，请放大核对；第 13 行有 24 格未读清或色号不在 MARD 221 内，未计入，请放大核对；第 14 行有 24 格未读清或色号不在 MARD 221 内，未计入，请放大核对；第 15 行有 24 格未读清或色号不在 MARD 221 内，未计入，请放大核对；第 16 行有 24 格未读清或色号不在 MARD 221 内，未计入，请放大核对；第 17 行有 19 格未读清或色号不在 MARD 221 内，未计入，请放大核对；第 18 行有 20 格未读清或色号不在 MARD 221 内，未计入，请放大核对；第 19 行有 20 格未读清或色号不在 MARD 221 内，未计入，请放大核对；第 20 行有 21 格未读清或色号不在 MARD 221 内，未计入，请放大核对；第 21 行有 18 格未读清或色号不在 MARD 221 内，未计入，请放大核对；第 22 行有 18 格未读清或色号不在 MARD 221 内，未计入，请放大核对；第 23 行有 19 格未读清或色号不在 MARD 221 内，未计入，请放大核对；第 24 行有 17 格未读清,not-performed,not-measured
old100,M030,pattern,https://www.bitbead.app/en/library/896b3738-75b7-4b9f-94af-2231a1eb1cf8,grid-labels-without-legend,,True,pixel-glyph-0.12.0-dev,partial,grid,True,True,842,0.661,226.26,"{""A23"": 38, ""E1"": 124, ""E11"": 92, ""E14"": 13, ""E15"": 103, ""E16"": 40, ""F1"": 36, ""F14"": 36, ""F17"": 3, ""F20"": 50, ""G1"": 73, ""G2"": 79, ""G20"": 25, ""H18"": 8, ""H19"": 18, ""H2"": 88, ""H8"": 16}",{},逐格候选已读取；外围是否截断尚未证明，未读清格不计为零；第 1 行有 36 格未读清或色号不在 MARD 221 内，未计入，请放大核对；第 2 行有 36 格未读清或色号不在 MARD 221 内，未计入，请放大核对；第 3 行有 34 格未读清或色号不在 MARD 221 内，未计入，请放大核对；第 4 行有 32 格未读清或色号不在 MARD 221 内，未计入，请放大核对；第 5 行有 31 格未读清或色号不在 MARD 221 内，未计入，请放大核对；第 6 行有 30 格未读清或色号不在 MARD 221 内，未计入，请放大核对；第 7 行有 26 格未读清或色号不在 MARD 221 内，未计入，请放大核对；第 8 行有 21 格未读清或色号不在 MARD 221 内，未计入，请放大核对；第 9 行有 15 格未读清或色号不在 MARD 221 内，未计入，请放大核对；第 10 行有 13 格未读清或色号不在 MARD 221 内，未计入，请放大核对；第 11 行有 10 格未读清或色号不在 MARD 221 内，未计入，请放大核对；第 12 行有 10 格未读清或色号不在 MARD 221 内，未计入，请放大核对；第 13 行有 8 格未读清或色号不在 MARD 221 内，未计入，请放大核对；第 14 行有 7 格未读清或色号不在 MARD 221 内，未计入，请放大核对；第 15 行有 6 格未读清或色号不在 MARD 221 内，未计入，请放大核对；第 16 行有 6 格未读清或色号不在 MARD 221 内，未计入，请放大核对；第 17 行有 4 格未读清或色号不在 MARD 221 内，未计入，请放大核对；第 18 行有 4 格未读清或色号不在 MARD 221 内，未计入，请放大核对；第 19 行有 4 格未读清或色号不在 MARD 221 内，未计入，请放大核对；第 20 行有 4 格未读清或色号不在 MARD 221 内，未计入，请放大核对；第 21 行有 4 格未读清或色号不在 MARD 221 内，未计入，请放大核对；第 22 行有 4 格未读清或色号不在 MARD 221 内，未计入，请放大核对；第 23 行有 4 格未读清或色号不在 MARD 221 内，未计入，请放大核对；第 24 行有 5 格未读清或色号不在 MARD 2,not-performed,not-measured
old100,M031,pattern,https://www.bitbead.app/en/library/49ee4213-1640-46fe-a386-38676861d656,grid-labels-without-legend,,True,pixel-glyph-0.12.0-dev,partial,grid,True,True,771,0.326,226.26,"{""A8"": 36, ""B11"": 146, ""B15"": 90, ""B23"": 2, ""E14"": 16, ""F8"": 55, ""H11"": 36, ""H13"": 102, ""H19"": 12, ""H5"": 71, ""H6"": 205}",{},逐格候选已读取；外围是否截断尚未证明，未读清格不计为零；第 1 行有 34 格未读清或色号不在 MARD 221 内，未计入，请放大核对；第 2 行有 34 格未读清或色号不在 MARD 221 内，未计入，请放大核对；第 3 行有 12 格未读清或色号不在 MARD 221 内，未计入，请放大核对；第 4 行有 12 格未读清或色号不在 MARD 221 内，未计入，请放大核对；第 5 行有 8 格未读清或色号不在 MARD 221 内，未计入，请放大核对；第 6 行有 8 格未读清或色号不在 MARD 221 内，未计入，请放大核对；第 7 行有 4 格未读清或色号不在 MARD 221 内，未计入，请放大核对；第 8 行有 3 格未读清或色号不在 MARD 221 内，未计入，请放大核对；第 9 行有 3 格未读清或色号不在 MARD 221 内，未计入，请放大核对；第 10 行有 3 格未读清或色号不在 MARD 221 内，未计入，请放大核对；第 11 行有 3 格未读清或色号不在 MARD 221 内，未计入，请放大核对；第 12 行有 3 格未读清或色号不在 MARD 221 内，未计入，请放大核对；第 13 行有 4 格未读清或色号不在 MARD 221 内，未计入，请放大核对；第 14 行有 8 格未读清或色号不在 MARD 221 内，未计入，请放大核对；第 15 行有 8 格未读清或色号不在 MARD 221 内，未计入，请放大核对；第 16 行有 8 格未读清或色号不在 MARD 221 内，未计入，请放大核对；第 17 行有 8 格未读清或色号不在 MARD 221 内，未计入，请放大核对；第 18 行有 8 格未读清或色号不在 MARD 221 内，未计入，请放大核对；第 19 行有 8 格未读清或色号不在 MARD 221 内，未计入，请放大核对；第 20 行有 8 格未读清或色号不在 MARD 221 内，未计入，请放大核对；第 21 行有 8 格未读清或色号不在 MARD 221 内，未计入，请放大核对；第 22 行有 8 格未读清或色号不在 MARD 221 内，未计入，请放大核对；第 23 行有 8 格未读清或色号不在 MARD 221 内，未计入，请放大核对；第 24 行有 12 格未读清或色号不在 MARD 221 内，未计,not-performed,not-measured
old100,M032,pattern,https://www.bitbead.app/en/library/37486016-fe39-551e-8ea5-4dc4cbd57ba7,grid-labels-without-legend,,True,pixel-glyph-0.12.0-dev,partial,grid,True,True,1615,0.674,226.26,"{""A11"": 142, ""A13"": 2, ""E2"": 179, ""E3"": 121, ""E4"": 124, ""F10"": 129, ""F14"": 28, ""F5"": 44, ""F9"": 84, ""H2"": 305, ""H7"": 457}",{},逐格候选已读取；外围是否截断尚未证明，未读清格不计为零；第 1 行有 59 格未读清或色号不在 MARD 221 内，未计入，请放大核对；第 2 行有 54 格未读清或色号不在 MARD 221 内，未计入，请放大核对；第 3 行有 51 格未读清或色号不在 MARD 221 内，未计入，请放大核对；第 4 行有 48 格未读清或色号不在 MARD 221 内，未计入，请放大核对；第 5 行有 46 格未读清或色号不在 MARD 221 内，未计入，请放大核对；第 6 行有 44 格未读清或色号不在 MARD 221 内，未计入，请放大核对；第 7 行有 42 格未读清或色号不在 MARD 221 内，未计入，请放大核对；第 8 行有 41 格未读清或色号不在 MARD 221 内，未计入，请放大核对；第 9 行有 38 格未读清或色号不在 MARD 221 内，未计入，请放大核对；第 10 行有 37 格未读清或色号不在 MARD 221 内，未计入，请放大核对；第 11 行有 38 格未读清或色号不在 MARD 221 内，未计入，请放大核对；第 12 行有 43 格未读清或色号不在 MARD 221 内，未计入，请放大核对；第 13 行有 36 格未读清或色号不在 MARD 221 内，未计入，请放大核对；第 14 行有 28 格未读清或色号不在 MARD 221 内，未计入，请放大核对；第 15 行有 27 格未读清或色号不在 MARD 221 内，未计入，请放大核对；第 16 行有 26 格未读清或色号不在 MARD 221 内，未计入，请放大核对；第 17 行有 26 格未读清或色号不在 MARD 221 内，未计入，请放大核对；第 18 行有 26 格未读清或色号不在 MARD 221 内，未计入，请放大核对；第 19 行有 25 格未读清或色号不在 MARD 221 内，未计入，请放大核对；第 20 行有 25 格未读清或色号不在 MARD 221 内，未计入，请放大核对；第 21 行有 26 格未读清或色号不在 MARD 221 内，未计入，请放大核对；第 22 行有 23 格未读清或色号不在 MARD 221 内，未计入，请放大核对；第 23 行有 24 格未读清或色号不在 MARD 221 内，未计入，请放大核对；第 24 行有 19 格未读清,not-performed,not-measured
old100,M033,pattern,https://www.bitbead.app/en/library/07aaa63a-e876-49f4-813e-4c2974cc5066,grid-labels-without-legend,,True,pixel-glyph-0.12.0-dev,partial,grid,True,True,295,0.219,226.26,"{""A16"": 2, ""A17"": 55, ""G14"": 4, ""G5"": 14, ""H11"": 19, ""H4"": 10, ""H5"": 34, ""H7"": 80, ""H9"": 77}",{},逐格候选已读取；外围是否截断尚未证明，未读清格不计为零；第 1 行有 23 格未读清或色号不在 MARD 221 内，未计入，请放大核对；第 2 行有 18 格未读清或色号不在 MARD 221 内，未计入，请放大核对；第 3 行有 14 格未读清或色号不在 MARD 221 内，未计入，请放大核对；第 4 行有 10 格未读清或色号不在 MARD 221 内，未计入，请放大核对；第 5 行有 8 格未读清或色号不在 MARD 221 内，未计入，请放大核对；第 6 行有 6 格未读清或色号不在 MARD 221 内，未计入，请放大核对；第 7 行有 6 格未读清或色号不在 MARD 221 内，未计入，请放大核对；第 8 行有 4 格未读清或色号不在 MARD 221 内，未计入，请放大核对；第 9 行有 4 格未读清或色号不在 MARD 221 内，未计入，请放大核对；第 10 行有 4 格未读清或色号不在 MARD 221 内，未计入，请放大核对；第 11 行有 2 格未读清或色号不在 MARD 221 内，未计入，请放大核对；第 12 行有 4 格未读清或色号不在 MARD 221 内，未计入，请放大核对；第 13 行有 4 格未读清或色号不在 MARD 221 内，未计入，请放大核对；第 14 行有 6 格未读清或色号不在 MARD 221 内，未计入，请放大核对；第 15 行有 6 格未读清或色号不在 MARD 221 内，未计入，请放大核对；第 16 行有 8 格未读清或色号不在 MARD 221 内，未计入，请放大核对；第 17 行有 10 格未读清或色号不在 MARD 221 内，未计入，请放大核对；第 18 行有 14 格未读清或色号不在 MARD 221 内，未计入，请放大核对；第 19 行有 16 格未读清或色号不在 MARD 221 内，未计入，请放大核对；第 20 行有 14 格未读清或色号不在 MARD 221 内，未计入，请放大核对；第 21 行有 16 格未读清或色号不在 MARD 221 内，未计入，请放大核对；第 22 行有 18 格未读清或色号不在 MARD 221 内，未计入，请放大核对；第 23 行有 19 格未读清或色号不在 MARD 221 内，未计入，请放大核对；第 24 行有 23 格未读清或色号不在 MARD 2,not-performed,not-measured
old100,M034,pattern,https://www.bitbead.app/en/library/d47a1b3f-b5b8-4bf5-9ce4-ced061482946,grid-labels-without-legend,,True,pixel-glyph-0.12.0-dev,partial,grid,True,True,1320,0.396,226.26,"{""A1"": 4, ""A17"": 138, ""A2"": 4, ""B11"": 36, ""B32"": 454, ""C13"": 230, ""C21"": 288, ""C24"": 33, ""H16"": 11, ""H2"": 100, ""H5"": 22}",{},逐格候选已读取；外围是否截断尚未证明，未读清格不计为零；第 1 行有 44 格未读清或色号不在 MARD 221 内，未计入，请放大核对；第 2 行有 44 格未读清或色号不在 MARD 221 内，未计入，请放大核对；第 3 行有 4 格未读清或色号不在 MARD 221 内，未计入，请放大核对；第 4 行有 4 格未读清或色号不在 MARD 221 内，未计入，请放大核对；第 5 行有 4 格未读清或色号不在 MARD 221 内，未计入，请放大核对；第 6 行有 4 格未读清或色号不在 MARD 221 内，未计入，请放大核对；第 7 行有 4 格未读清或色号不在 MARD 221 内，未计入，请放大核对；第 8 行有 4 格未读清或色号不在 MARD 221 内，未计入，请放大核对；第 9 行有 4 格未读清或色号不在 MARD 221 内，未计入，请放大核对；第 10 行有 4 格未读清或色号不在 MARD 221 内，未计入，请放大核对；第 11 行有 4 格未读清或色号不在 MARD 221 内，未计入，请放大核对；第 12 行有 4 格未读清或色号不在 MARD 221 内，未计入，请放大核对；第 13 行有 4 格未读清或色号不在 MARD 221 内，未计入，请放大核对；第 14 行有 4 格未读清或色号不在 MARD 221 内，未计入，请放大核对；第 15 行有 4 格未读清或色号不在 MARD 221 内，未计入，请放大核对；第 16 行有 4 格未读清或色号不在 MARD 221 内，未计入，请放大核对；第 17 行有 4 格未读清或色号不在 MARD 221 内，未计入，请放大核对；第 18 行有 4 格未读清或色号不在 MARD 221 内，未计入，请放大核对；第 19 行有 4 格未读清或色号不在 MARD 221 内，未计入，请放大核对；第 20 行有 4 格未读清或色号不在 MARD 221 内，未计入，请放大核对；第 21 行有 4 格未读清或色号不在 MARD 221 内，未计入，请放大核对；第 22 行有 4 格未读清或色号不在 MARD 221 内，未计入，请放大核对；第 23 行有 4 格未读清或色号不在 MARD 221 内，未计入，请放大核对；第 24 行有 4 格未读清或色号不在 MARD 221 内，未计入，请,not-performed,not-measured
old100,M035,pattern,https://www.bitbead.app/en/library/41d006c1-8b87-4dcc-8f6d-55b372778a0f,grid-labels-without-legend,,True,pixel-glyph-0.12.0-dev,partial,grid,True,True,866,0.283,226.26,"{""F15"": 112, ""F8"": 2, ""G5"": 64, ""H1"": 24, ""H16"": 2, ""H2"": 249, ""H7"": 413}",{},逐格候选已读取；外围是否截断尚未证明，未读清格不计为零；第 1 行有 40 格未读清或色号不在 MARD 221 内，未计入，请放大核对；第 2 行有 40 格未读清或色号不在 MARD 221 内，未计入，请放大核对；第 3 行有 30 格未读清或色号不在 MARD 221 内，未计入，请放大核对；第 4 行有 26 格未读清或色号不在 MARD 221 内，未计入，请放大核对；第 5 行有 22 格未读清或色号不在 MARD 221 内，未计入，请放大核对；第 6 行有 20 格未读清或色号不在 MARD 221 内，未计入，请放大核对；第 7 行有 18 格未读清或色号不在 MARD 221 内，未计入，请放大核对；第 8 行有 17 格未读清或色号不在 MARD 221 内，未计入，请放大核对；第 9 行有 16 格未读清或色号不在 MARD 221 内，未计入，请放大核对；第 10 行有 15 格未读清或色号不在 MARD 221 内，未计入，请放大核对；第 11 行有 14 格未读清或色号不在 MARD 221 内，未计入，请放大核对；第 12 行有 13 格未读清或色号不在 MARD 221 内，未计入，请放大核对；第 13 行有 12 格未读清或色号不在 MARD 221 内，未计入，请放大核对；第 14 行有 12 格未读清或色号不在 MARD 221 内，未计入，请放大核对；第 15 行有 12 格未读清或色号不在 MARD 221 内，未计入，请放大核对；第 16 行有 12 格未读清或色号不在 MARD 221 内，未计入，请放大核对；第 17 行有 12 格未读清或色号不在 MARD 221 内，未计入，请放大核对；第 18 行有 10 格未读清或色号不在 MARD 221 内，未计入，请放大核对；第 19 行有 9 格未读清或色号不在 MARD 221 内，未计入，请放大核对；第 20 行有 8 格未读清或色号不在 MARD 221 内，未计入，请放大核对；第 21 行有 6 格未读清或色号不在 MARD 221 内，未计入，请放大核对；第 22 行有 4 格未读清或色号不在 MARD 221 内，未计入，请放大核对；第 23 行有 4 格未读清或色号不在 MARD 221 内，未计入，请放大核对；第 24 行有 4 格未读清或色号不在 ,not-performed,not-measured
old100,M036,pattern,https://www.bitbead.app/en/library/11a17088-af12-487f-926a-39a0099efb90,grid-labels-without-legend,,True,pixel-glyph-0.12.0-dev,partial,grid,True,True,387,0.213,226.26,"{""C12"": 77, ""C29"": 21, ""C6"": 30, ""C8"": 31, ""D11"": 36, ""D2"": 28, ""D24"": 39, ""G8"": 32, ""H11"": 22, ""H14"": 31, ""H7"": 40}",{},逐格候选已读取；外围是否截断尚未证明，未读清格不计为零；第 1 行有 20 格未读清或色号不在 MARD 221 内，未计入，请放大核对；第 2 行有 14 格未读清或色号不在 MARD 221 内，未计入，请放大核对；第 3 行有 14 格未读清或色号不在 MARD 221 内，未计入，请放大核对；第 4 行有 6 格未读清或色号不在 MARD 221 内，未计入，请放大核对；第 5 行有 5 格未读清或色号不在 MARD 221 内，未计入，请放大核对；第 6 行有 5 格未读清或色号不在 MARD 221 内，未计入，请放大核对；第 7 行有 2 格未读清或色号不在 MARD 221 内，未计入，请放大核对；第 8 行有 3 格未读清或色号不在 MARD 221 内，未计入，请放大核对；第 9 行有 1 格未读清或色号不在 MARD 221 内，未计入，请放大核对；第 10 行有 1 格未读清或色号不在 MARD 221 内，未计入，请放大核对；第 11 行有 1 格未读清或色号不在 MARD 221 内，未计入，请放大核对；第 12 行有 1 格未读清或色号不在 MARD 221 内，未计入，请放大核对；第 13 行有 1 格未读清或色号不在 MARD 221 内，未计入，请放大核对；第 14 行有 1 格未读清或色号不在 MARD 221 内，未计入，请放大核对；第 15 行有 2 格未读清或色号不在 MARD 221 内，未计入，请放大核对；第 16 行有 5 格未读清或色号不在 MARD 221 内，未计入，请放大核对；第 17 行有 5 格未读清或色号不在 MARD 221 内，未计入，请放大核对；第 18 行有 5 格未读清或色号不在 MARD 221 内，未计入，请放大核对；第 19 行有 5 格未读清或色号不在 MARD 221 内，未计入，请放大核对；第 20 行有 5 格未读清或色号不在 MARD 221 内，未计入，请放大核对；第 21 行有 5 格未读清或色号不在 MARD 221 内，未计入，请放大核对；第 22 行有 5 格未读清或色号不在 MARD 221 内，未计入，请放大核对；第 23 行有 5 格未读清或色号不在 MARD 221 内，未计入，请放大核对；第 24 行有 5 格未读清或色号不在 MARD 221 内，未计入，,not-performed,not-measured
old100,M037,pattern,https://www.bitbead.app/en/library/e8226ff5-c538-40d5-8318-476a6673d7ab,grid-labels-without-legend,,True,pixel-glyph-0.12.0-dev,partial,grid,True,True,373,0.311,226.26,"{""B9"": 2, ""E11"": 40, ""G14"": 10, ""G17"": 98, ""G2"": 14, ""G7"": 15, ""G8"": 20, ""H2"": 4, ""H3"": 18, ""H4"": 19, ""H6"": 28, ""H7"": 97, ""M12"": 8}",{},逐格候选已读取；外围是否截断尚未证明，未读清格不计为零；第 1 行有 23 格未读清或色号不在 MARD 221 内，未计入，请放大核对；第 2 行有 23 格未读清或色号不在 MARD 221 内，未计入，请放大核对；第 3 行有 17 格未读清或色号不在 MARD 221 内，未计入，请放大核对；第 4 行有 12 格未读清或色号不在 MARD 221 内，未计入，请放大核对；第 5 行有 10 格未读清或色号不在 MARD 221 内，未计入，请放大核对；第 6 行有 10 格未读清或色号不在 MARD 221 内，未计入，请放大核对；第 7 行有 8 格未读清或色号不在 MARD 221 内，未计入，请放大核对；第 8 行有 8 格未读清或色号不在 MARD 221 内，未计入，请放大核对；第 9 行有 6 格未读清或色号不在 MARD 221 内，未计入，请放大核对；第 10 行有 6 格未读清或色号不在 MARD 221 内，未计入，请放大核对；第 11 行有 4 格未读清或色号不在 MARD 221 内，未计入，请放大核对；第 12 行有 4 格未读清或色号不在 MARD 221 内，未计入，请放大核对；第 13 行有 4 格未读清或色号不在 MARD 221 内，未计入，请放大核对；第 14 行有 6 格未读清或色号不在 MARD 221 内，未计入，请放大核对；第 15 行有 6 格未读清或色号不在 MARD 221 内，未计入，请放大核对；第 16 行有 4 格未读清或色号不在 MARD 221 内，未计入，请放大核对；第 17 行有 4 格未读清或色号不在 MARD 221 内，未计入，请放大核对；第 18 行有 4 格未读清或色号不在 MARD 221 内，未计入，请放大核对；第 19 行有 6 格未读清或色号不在 MARD 221 内，未计入，请放大核对；第 20 行有 4 格未读清或色号不在 MARD 221 内，未计入，请放大核对；第 21 行有 4 格未读清或色号不在 MARD 221 内，未计入，请放大核对；第 22 行有 6 格未读清或色号不在 MARD 221 内，未计入，请放大核对；第 23 行有 12 格未读清或色号不在 MARD 221 内，未计入，请放大核对；第 24 行有 16 格未读清或色号不在 MARD 221 内,not-performed,not-measured
old100,M038,pattern,https://www.bitbead.app/en/library/b6f2190c-5a91-45fc-bf2d-da55dba08018,grid-labels-without-legend,,True,pixel-glyph-0.12.0-dev,partial,grid,True,True,4096,0.968,226.26,"{""H10"": 3, ""H11"": 48, ""H14"": 813, ""H15"": 1, ""H16"": 12, ""H17"": 1, ""H2"": 210, ""H20"": 1, ""H23"": 325, ""H3"": 47, ""H4"": 20, ""H5"": 139, ""H6"": 131, ""H7"": 397, ""H9"": 1666, ""M1"": 153, ""M15"": 129}",{},逐格候选已读取；外围是否截断尚未证明，未读清格不计为零,not-performed,not-measured
old100,M039,pattern,https://www.bitbead.app/en/library/e15d5c84-35ff-419c-9010-75d1a1a13669,grid-labels-without-legend,,True,pixel-glyph-0.12.0-dev,partial,grid,True,True,3364,0.839,226.26,"{""A11"": 1, ""A23"": 82, ""A26"": 27, ""A4"": 14, ""E16"": 112, ""F6"": 35, ""G18"": 39, ""G4"": 21, ""H2"": 207, ""H23"": 27, ""H3"": 56, ""H4"": 24, ""H6"": 368, ""H7"": 249, ""M15"": 2102}",{},逐格候选已读取；外围是否截断尚未证明，未读清格不计为零；第 1 行有 59 格未读清或色号不在 MARD 221 内，未计入，请放大核对；第 2 行有 59 格未读清或色号不在 MARD 221 内，未计入，请放大核对；第 3 行有 59 格未读清或色号不在 MARD 221 内，未计入，请放大核对；第 4 行有 3 格未读清或色号不在 MARD 221 内，未计入，请放大核对；第 5 行有 3 格未读清或色号不在 MARD 221 内，未计入，请放大核对；第 6 行有 3 格未读清或色号不在 MARD 221 内，未计入，请放大核对；第 7 行有 3 格未读清或色号不在 MARD 221 内，未计入，请放大核对；第 8 行有 3 格未读清或色号不在 MARD 221 内，未计入，请放大核对；第 9 行有 3 格未读清或色号不在 MARD 221 内，未计入，请放大核对；第 10 行有 3 格未读清或色号不在 MARD 221 内，未计入，请放大核对；第 11 行有 3 格未读清或色号不在 MARD 221 内，未计入，请放大核对；第 12 行有 3 格未读清或色号不在 MARD 221 内，未计入，请放大核对；第 13 行有 3 格未读清或色号不在 MARD 221 内，未计入，请放大核对；第 14 行有 3 格未读清或色号不在 MARD 221 内，未计入，请放大核对；第 15 行有 3 格未读清或色号不在 MARD 221 内，未计入，请放大核对；第 16 行有 3 格未读清或色号不在 MARD 221 内，未计入，请放大核对；第 17 行有 3 格未读清或色号不在 MARD 221 内，未计入，请放大核对；第 18 行有 3 格未读清或色号不在 MARD 221 内，未计入，请放大核对；第 19 行有 3 格未读清或色号不在 MARD 221 内，未计入，请放大核对；第 20 行有 3 格未读清或色号不在 MARD 221 内，未计入，请放大核对；第 21 行有 3 格未读清或色号不在 MARD 221 内，未计入，请放大核对；第 22 行有 3 格未读清或色号不在 MARD 221 内，未计入，请放大核对；第 23 行有 3 格未读清或色号不在 MARD 221 内，未计入，请放大核对；第 24 行有 3 格未读清或色号不在 MARD 221 内，未计入，,not-performed,not-measured
old100,M040,pattern,https://www.bitbead.app/en/library/51a13024-dccf-4e35-9607-83c9775728ae,grid-labels-without-legend,,True,pixel-glyph-0.12.0-dev,partial,grid,True,True,133,0.112,226.26,"{""A12"": 10, ""A19"": 73, ""A6"": 40, ""F5"": 4, ""H7"": 6}",{},逐格候选已读取；外围是否截断尚未证明，未读清格不计为零；第 1 行有 17 格未读清或色号不在 MARD 221 内，未计入，请放大核对；第 2 行有 13 格未读清或色号不在 MARD 221 内，未计入，请放大核对；第 3 行有 9 格未读清或色号不在 MARD 221 内，未计入，请放大核对；第 4 行有 2 格未读清或色号不在 MARD 221 内，未计入，请放大核对；第 5 行有 2 格未读清或色号不在 MARD 221 内，未计入，请放大核对；第 6 行有 2 格未读清或色号不在 MARD 221 内，未计入，请放大核对；第 7 行有 4 格未读清或色号不在 MARD 221 内，未计入，请放大核对；第 8 行有 2 格未读清或色号不在 MARD 221 内，未计入，请放大核对；第 9 行有 2 格未读清或色号不在 MARD 221 内，未计入，请放大核对；第 10 行有 4 格未读清或色号不在 MARD 221 内，未计入，请放大核对；第 11 行有 6 格未读清或色号不在 MARD 221 内，未计入，请放大核对；第 12 行有 8 格未读清或色号不在 MARD 221 内，未计入，请放大核对；第 13 行有 17 格未读清或色号不在 MARD 221 内，未计入，请放大核对,not-performed,not-measured
old100,M041,pattern,https://www.bitbead.app/en/library/727df181-2b85-404e-bece-00edf17b925b,grid-labels-without-legend,,True,pixel-glyph-0.12.0-dev,partial,grid,True,True,282,0.19,226.26,"{""E16"": 8, ""E8"": 54, ""F21"": 16, ""G18"": 93, ""G8"": 67, ""M7"": 44}",{},逐格候选已读取；外围是否截断尚未证明，未读清格不计为零；第 1 行有 18 格未读清或色号不在 MARD 221 内，未计入，请放大核对；第 2 行有 11 格未读清或色号不在 MARD 221 内，未计入，请放大核对；第 3 行有 3 格未读清或色号不在 MARD 221 内，未计入，请放大核对；第 4 行有 3 格未读清或色号不在 MARD 221 内，未计入，请放大核对；第 5 行有 3 格未读清或色号不在 MARD 221 内，未计入，请放大核对；第 6 行有 3 格未读清或色号不在 MARD 221 内，未计入，请放大核对；第 7 行有 3 格未读清或色号不在 MARD 221 内，未计入，请放大核对；第 8 行有 3 格未读清或色号不在 MARD 221 内，未计入，请放大核对；第 9 行有 3 格未读清或色号不在 MARD 221 内，未计入，请放大核对；第 10 行有 3 格未读清或色号不在 MARD 221 内，未计入，请放大核对；第 11 行有 4 格未读清或色号不在 MARD 221 内，未计入，请放大核对；第 12 行有 6 格未读清或色号不在 MARD 221 内，未计入，请放大核对；第 13 行有 8 格未读清或色号不在 MARD 221 内，未计入，请放大核对；第 14 行有 5 格未读清或色号不在 MARD 221 内，未计入，请放大核对；第 15 行有 4 格未读清或色号不在 MARD 221 内，未计入，请放大核对；第 16 行有 3 格未读清或色号不在 MARD 221 内，未计入，请放大核对；第 17 行有 3 格未读清或色号不在 MARD 221 内，未计入，请放大核对；第 18 行有 3 格未读清或色号不在 MARD 221 内，未计入，请放大核对；第 19 行有 3 格未读清或色号不在 MARD 221 内，未计入，请放大核对；第 20 行有 4 格未读清或色号不在 MARD 221 内，未计入，请放大核对；第 21 行有 8 格未读清或色号不在 MARD 221 内，未计入，请放大核对；第 22 行有 14 格未读清或色号不在 MARD 221 内，未计入，请放大核对；第 23 行有 15 格未读清或色号不在 MARD 221 内，未计入，请放大核对；第 24 行有 17 格未读清或色号不在 MARD 221 内，未计,not-performed,not-measured
old100,M042,pattern,https://www.bitbead.app/en/library/00c116d3-e1fa-4bc7-a4f2-c108ad1f4f0c,grid-labels-without-legend,,True,pixel-glyph-0.12.0-dev,partial,grid,True,True,519,0.4,226.26,"{""A13"": 2, ""B22"": 27, ""C28"": 6, ""C29"": 4, ""C3"": 5, ""D10"": 29, ""D8"": 49, ""D9"": 162, ""F22"": 10, ""G1"": 49, ""G17"": 7, ""G8"": 2, ""H12"": 6, ""H2"": 17, ""H22"": 4, ""H5"": 9, ""H6"": 6, ""H7"": 125}",{},逐格候选已读取；外围是否截断尚未证明，未读清格不计为零；第 1 行有 31 格未读清或色号不在 MARD 221 内，未计入，请放大核对；第 2 行有 31 格未读清或色号不在 MARD 221 内，未计入，请放大核对；第 3 行有 21 格未读清或色号不在 MARD 221 内，未计入，请放大核对；第 4 行有 17 格未读清或色号不在 MARD 221 内，未计入，请放大核对；第 5 行有 15 格未读清或色号不在 MARD 221 内，未计入，请放大核对；第 6 行有 13 格未读清或色号不在 MARD 221 内，未计入，请放大核对；第 7 行有 11 格未读清或色号不在 MARD 221 内，未计入，请放大核对；第 8 行有 10 格未读清或色号不在 MARD 221 内，未计入，请放大核对；第 9 行有 9 格未读清或色号不在 MARD 221 内，未计入，请放大核对；第 10 行有 8 格未读清或色号不在 MARD 221 内，未计入，请放大核对；第 11 行有 8 格未读清或色号不在 MARD 221 内，未计入，请放大核对；第 12 行有 6 格未读清或色号不在 MARD 221 内，未计入，请放大核对；第 13 行有 5 格未读清或色号不在 MARD 221 内，未计入，请放大核对；第 14 行有 5 格未读清或色号不在 MARD 221 内，未计入，请放大核对；第 15 行有 6 格未读清或色号不在 MARD 221 内，未计入，请放大核对；第 16 行有 6 格未读清或色号不在 MARD 221 内，未计入，请放大核对；第 17 行有 5 格未读清或色号不在 MARD 221 内，未计入，请放大核对；第 18 行有 4 格未读清或色号不在 MARD 221 内，未计入，请放大核对；第 19 行有 4 格未读清或色号不在 MARD 221 内，未计入，请放大核对；第 20 行有 6 格未读清或色号不在 MARD 221 内，未计入，请放大核对；第 21 行有 10 格未读清或色号不在 MARD 221 内，未计入，请放大核对；第 22 行有 16 格未读清或色号不在 MARD 221 内，未计入，请放大核对；第 23 行有 19 格未读清或色号不在 MARD 221 内，未计入，请放大核对；第 24 行有 19 格未读清或色号不在 MARD 2,not-performed,not-measured
old100,M043,pattern,https://www.bitbead.app/en/library/eaecab5a-31ff-4e5d-be1e-41043a824f78,grid-labels-without-legend,,True,pixel-glyph-0.12.0-dev,partial,grid,True,True,1897,0.518,226.26,"{""A26"": 211, ""C9"": 280, ""H16"": 590, ""H2"": 816}",{},逐格候选已读取；外围是否截断尚未证明，未读清格不计为零；第 1 行有 58 格未读清或色号不在 MARD 221 内，未计入，请放大核对；第 2 行有 45 格未读清或色号不在 MARD 221 内，未计入，请放大核对；第 3 行有 44 格未读清或色号不在 MARD 221 内，未计入，请放大核对；第 4 行有 43 格未读清或色号不在 MARD 221 内，未计入，请放大核对；第 5 行有 40 格未读清或色号不在 MARD 221 内，未计入，请放大核对；第 6 行有 36 格未读清或色号不在 MARD 221 内，未计入，请放大核对；第 7 行有 34 格未读清或色号不在 MARD 221 内，未计入，请放大核对；第 8 行有 32 格未读清或色号不在 MARD 221 内，未计入，请放大核对；第 9 行有 30 格未读清或色号不在 MARD 221 内，未计入，请放大核对；第 10 行有 28 格未读清或色号不在 MARD 221 内，未计入，请放大核对；第 11 行有 27 格未读清或色号不在 MARD 221 内，未计入，请放大核对；第 12 行有 27 格未读清或色号不在 MARD 221 内，未计入，请放大核对；第 13 行有 27 格未读清或色号不在 MARD 221 内，未计入，请放大核对；第 14 行有 26 格未读清或色号不在 MARD 221 内，未计入，请放大核对；第 15 行有 26 格未读清或色号不在 MARD 221 内，未计入，请放大核对；第 16 行有 26 格未读清或色号不在 MARD 221 内，未计入，请放大核对；第 17 行有 26 格未读清或色号不在 MARD 221 内，未计入，请放大核对；第 18 行有 27 格未读清或色号不在 MARD 221 内，未计入，请放大核对；第 19 行有 28 格未读清或色号不在 MARD 221 内，未计入，请放大核对；第 20 行有 28 格未读清或色号不在 MARD 221 内，未计入，请放大核对；第 21 行有 28 格未读清或色号不在 MARD 221 内，未计入，请放大核对；第 22 行有 28 格未读清或色号不在 MARD 221 内，未计入，请放大核对；第 23 行有 28 格未读清或色号不在 MARD 221 内，未计入，请放大核对；第 24 行有 28 格未读清,not-performed,not-measured
old100,M044,pattern,https://www.bitbead.app/en/library/b34bab68-18f6-4fcb-a31d-b2194962e773,grid-labels-without-legend,,True,pixel-glyph-0.12.0-dev,partial,grid,True,True,117,0.188,226.26,"{""A14"": 6, ""A26"": 7, ""A5"": 18, ""B5"": 27, ""C26"": 6, ""C7"": 30, ""F2"": 12, ""F3"": 11}",{},逐格候选已读取；外围是否截断尚未证明，未读清格不计为零；第 1 行有 23 格未读清或色号不在 MARD 221 内，未计入，请放大核对；第 2 行有 23 格未读清或色号不在 MARD 221 内，未计入，请放大核对；第 3 行有 23 格未读清或色号不在 MARD 221 内，未计入，请放大核对；第 4 行有 23 格未读清或色号不在 MARD 221 内，未计入，请放大核对；第 5 行有 16 格未读清或色号不在 MARD 221 内，未计入，请放大核对；第 6 行有 13 格未读清或色号不在 MARD 221 内，未计入，请放大核对；第 7 行有 13 格未读清或色号不在 MARD 221 内，未计入，请放大核对；第 8 行有 19 格未读清或色号不在 MARD 221 内，未计入，请放大核对；第 9 行有 19 格未读清或色号不在 MARD 221 内，未计入，请放大核对；第 10 行有 20 格未读清或色号不在 MARD 221 内，未计入，请放大核对；第 11 行有 13 格未读清或色号不在 MARD 221 内，未计入，请放大核对；第 12 行有 13 格未读清或色号不在 MARD 221 内，未计入，请放大核对；第 13 行有 13 格未读清或色号不在 MARD 221 内，未计入，请放大核对；第 14 行有 17 格未读清或色号不在 MARD 221 内，未计入，请放大核对；第 15 行有 16 格未读清或色号不在 MARD 221 内，未计入，请放大核对；第 16 行有 16 格未读清或色号不在 MARD 221 内，未计入，请放大核对；第 17 行有 11 格未读清或色号不在 MARD 221 内，未计入，请放大核对；第 18 行有 13 格未读清或色号不在 MARD 221 内，未计入，请放大核对；第 19 行有 16 格未读清或色号不在 MARD 221 内，未计入，请放大核对；第 20 行有 23 格未读清或色号不在 MARD 221 内，未计入，请放大核对；第 21 行有 23 格未读清或色号不在 MARD 221 内，未计入，请放大核对；第 22 行有 23 格未读清或色号不在 MARD 221 内，未计入，请放大核对；第 23 行有 23 格未读清或色号不在 MARD 221 内，未计入，请放大核对,not-performed,not-measured
old100,M046,pattern,https://www.bitbead.app/en/library/3edb5937-cb83-4035-8778-8cb76c1843ec,grid-labels-without-legend,,True,pixel-glyph-0.12.0-dev,partial,grid,True,True,1095,0.666,226.26,"{""A1"": 42, ""A14"": 27, ""A6"": 42, ""C12"": 28, ""C20"": 16, ""C29"": 47, ""G15"": 80, ""G16"": 53, ""G18"": 25, ""G6"": 67, ""G7"": 45, ""G8"": 181, ""H7"": 442}",{},逐格候选已读取；外围是否截断尚未证明，未读清格不计为零；第 1 行有 52 格未读清或色号不在 MARD 221 内，未计入，请放大核对；第 2 行有 52 格未读清或色号不在 MARD 221 内，未计入，请放大核对；第 3 行有 52 格未读清或色号不在 MARD 221 内，未计入，请放大核对；第 4 行有 52 格未读清或色号不在 MARD 221 内，未计入，请放大核对；第 5 行有 52 格未读清或色号不在 MARD 221 内，未计入，请放大核对；第 6 行有 42 格未读清或色号不在 MARD 221 内，未计入，请放大核对；第 7 行有 38 格未读清或色号不在 MARD 221 内，未计入，请放大核对；第 8 行有 36 格未读清或色号不在 MARD 221 内，未计入，请放大核对；第 9 行有 34 格未读清或色号不在 MARD 221 内，未计入，请放大核对；第 10 行有 33 格未读清或色号不在 MARD 221 内，未计入，请放大核对；第 11 行有 31 格未读清或色号不在 MARD 221 内，未计入，请放大核对；第 12 行有 30 格未读清或色号不在 MARD 221 内，未计入，请放大核对；第 13 行有 29 格未读清或色号不在 MARD 221 内，未计入，请放大核对；第 14 行有 29 格未读清或色号不在 MARD 221 内，未计入，请放大核对；第 15 行有 27 格未读清或色号不在 MARD 221 内，未计入，请放大核对；第 16 行有 27 格未读清或色号不在 MARD 221 内，未计入，请放大核对；第 17 行有 27 格未读清或色号不在 MARD 221 内，未计入，请放大核对；第 18 行有 27 格未读清或色号不在 MARD 221 内，未计入，请放大核对；第 19 行有 27 格未读清或色号不在 MARD 221 内，未计入，请放大核对；第 20 行有 25 格未读清或色号不在 MARD 221 内，未计入，请放大核对；第 21 行有 25 格未读清或色号不在 MARD 221 内，未计入，请放大核对；第 22 行有 25 格未读清或色号不在 MARD 221 内，未计入，请放大核对；第 23 行有 25 格未读清或色号不在 MARD 221 内，未计入，请放大核对；第 24 行有 25 格未读清,not-performed,not-measured
old100,M047,pattern,https://www.bitbead.app/en/library/f9c7bcbe-ee01-40c8-9e52-7c60be522e54,grid-labels-without-legend,,True,pixel-glyph-0.12.0-dev,partial,grid,True,True,833,0.448,226.26,"{""A17"": 90, ""F11"": 3, ""F14"": 18, ""G17"": 5, ""G2"": 67, ""G8"": 177, ""H17"": 23, ""H2"": 17, ""H5"": 45, ""H6"": 30, ""H7"": 358}",{},逐格候选已读取；外围是否截断尚未证明，未读清格不计为零；第 1 行有 37 格未读清或色号不在 MARD 221 内，未计入，请放大核对；第 2 行有 35 格未读清或色号不在 MARD 221 内，未计入，请放大核对；第 3 行有 27 格未读清或色号不在 MARD 221 内，未计入，请放大核对；第 4 行有 20 格未读清或色号不在 MARD 221 内，未计入，请放大核对；第 5 行有 16 格未读清或色号不在 MARD 221 内，未计入，请放大核对；第 6 行有 14 格未读清或色号不在 MARD 221 内，未计入，请放大核对；第 7 行有 14 格未读清或色号不在 MARD 221 内，未计入，请放大核对；第 8 行有 11 格未读清或色号不在 MARD 221 内，未计入，请放大核对；第 9 行有 10 格未读清或色号不在 MARD 221 内，未计入，请放大核对；第 10 行有 11 格未读清或色号不在 MARD 221 内，未计入，请放大核对；第 11 行有 15 格未读清或色号不在 MARD 221 内，未计入，请放大核对；第 12 行有 15 格未读清或色号不在 MARD 221 内，未计入，请放大核对；第 13 行有 17 格未读清或色号不在 MARD 221 内，未计入，请放大核对；第 14 行有 20 格未读清或色号不在 MARD 221 内，未计入，请放大核对；第 15 行有 18 格未读清或色号不在 MARD 221 内，未计入，请放大核对；第 16 行有 18 格未读清或色号不在 MARD 221 内，未计入，请放大核对；第 17 行有 16 格未读清或色号不在 MARD 221 内，未计入，请放大核对；第 18 行有 16 格未读清或色号不在 MARD 221 内，未计入，请放大核对；第 19 行有 16 格未读清或色号不在 MARD 221 内，未计入，请放大核对；第 20 行有 16 格未读清或色号不在 MARD 221 内，未计入，请放大核对；第 21 行有 16 格未读清或色号不在 MARD 221 内，未计入，请放大核对；第 22 行有 16 格未读清或色号不在 MARD 221 内，未计入，请放大核对；第 23 行有 18 格未读清或色号不在 MARD 221 内，未计入，请放大核对；第 24 行有 18 格未读清,not-performed,not-measured
old100,M048,pattern,https://www.bitbead.app/en/library/1fee24e5-d71e-42ed-955d-bdfeda8a498d,grid-labels-without-legend,,True,pixel-glyph-0.12.0-dev,partial,grid,True,True,285,0.188,226.26,"{""C18"": 4, ""E15"": 4, ""E21"": 4, ""H19"": 105, ""H5"": 38, ""H6"": 67, ""M4"": 23, ""M7"": 40}",{},逐格候选已读取；外围是否截断尚未证明，未读清格不计为零；第 1 行有 16 格未读清或色号不在 MARD 221 内，未计入，请放大核对；第 2 行有 12 格未读清或色号不在 MARD 221 内，未计入，请放大核对；第 3 行有 9 格未读清或色号不在 MARD 221 内，未计入，请放大核对；第 4 行有 4 格未读清或色号不在 MARD 221 内，未计入，请放大核对；第 5 行有 4 格未读清或色号不在 MARD 221 内，未计入，请放大核对；第 6 行有 3 格未读清或色号不在 MARD 221 内，未计入，请放大核对；第 7 行有 3 格未读清或色号不在 MARD 221 内，未计入，请放大核对；第 8 行有 2 格未读清或色号不在 MARD 221 内，未计入，请放大核对；第 9 行有 2 格未读清或色号不在 MARD 221 内，未计入，请放大核对；第 10 行有 2 格未读清或色号不在 MARD 221 内，未计入，请放大核对；第 11 行有 3 格未读清或色号不在 MARD 221 内，未计入，请放大核对；第 12 行有 3 格未读清或色号不在 MARD 221 内，未计入，请放大核对；第 13 行有 4 格未读清或色号不在 MARD 221 内，未计入，请放大核对；第 14 行有 5 格未读清或色号不在 MARD 221 内，未计入，请放大核对；第 15 行有 4 格未读清或色号不在 MARD 221 内，未计入，请放大核对；第 16 行有 3 格未读清或色号不在 MARD 221 内，未计入，请放大核对；第 17 行有 2 格未读清或色号不在 MARD 221 内，未计入，请放大核对；第 18 行有 2 格未读清或色号不在 MARD 221 内，未计入，请放大核对；第 19 行有 1 格未读清或色号不在 MARD 221 内，未计入，请放大核对；第 20 行有 1 格未读清或色号不在 MARD 221 内，未计入，请放大核对；第 21 行有 3 格未读清或色号不在 MARD 221 内，未计入，请放大核对；第 22 行有 6 格未读清或色号不在 MARD 221 内，未计入，请放大核对；第 23 行有 16 格未读清或色号不在 MARD 221 内，未计入，请放大核对,not-performed,not-measured
old100,M049,pattern,https://www.bitbead.app/en/library/c68ea242-4f33-49d1-8903-4d7af18d9432,grid-labels-without-legend,,True,pixel-glyph-0.12.0-dev,partial,grid,True,True,223,0.139,226.26,"{""B12"": 42, ""B8"": 31, ""B9"": 25, ""H3"": 8, ""H7"": 117}",{},逐格候选已读取；外围是否截断尚未证明，未读清格不计为零；第 1 行有 17 格未读清或色号不在 MARD 221 内，未计入，请放大核对；第 2 行有 13 格未读清或色号不在 MARD 221 内，未计入，请放大核对；第 3 行有 10 格未读清或色号不在 MARD 221 内，未计入，请放大核对；第 4 行有 6 格未读清或色号不在 MARD 221 内，未计入，请放大核对；第 5 行有 4 格未读清或色号不在 MARD 221 内，未计入，请放大核对；第 6 行有 5 格未读清或色号不在 MARD 221 内，未计入，请放大核对；第 7 行有 7 格未读清或色号不在 MARD 221 内，未计入，请放大核对；第 8 行有 7 格未读清或色号不在 MARD 221 内，未计入，请放大核对；第 9 行有 5 格未读清或色号不在 MARD 221 内，未计入，请放大核对；第 10 行有 4 格未读清或色号不在 MARD 221 内，未计入，请放大核对；第 11 行有 4 格未读清或色号不在 MARD 221 内，未计入，请放大核对；第 12 行有 4 格未读清或色号不在 MARD 221 内，未计入，请放大核对；第 13 行有 4 格未读清或色号不在 MARD 221 内，未计入，请放大核对；第 14 行有 4 格未读清或色号不在 MARD 221 内，未计入，请放大核对；第 15 行有 4 格未读清或色号不在 MARD 221 内，未计入，请放大核对；第 16 行有 4 格未读清或色号不在 MARD 221 内，未计入，请放大核对；第 17 行有 4 格未读清或色号不在 MARD 221 内，未计入，请放大核对；第 18 行有 4 格未读清或色号不在 MARD 221 内，未计入，请放大核对；第 19 行有 6 格未读清或色号不在 MARD 221 内，未计入，请放大核对；第 20 行有 8 格未读清或色号不在 MARD 221 内，未计入，请放大核对；第 21 行有 10 格未读清或色号不在 MARD 221 内，未计入，请放大核对；第 22 行有 17 格未读清或色号不在 MARD 221 内，未计入，请放大核对,not-performed,not-measured
old100,M050,pattern,https://www.bitbead.app/en/library/06c03ca8-c2b8-49ff-9869-9521e33c9706,grid-labels-without-legend,,True,pixel-glyph-0.12.0-dev,partial,grid,True,True,115,0.084,226.26,"{""C24"": 115}",{},逐格候选已读取；外围是否截断尚未证明，未读清格不计为零；第 1 行有 14 格未读清或色号不在 MARD 221 内，未计入，请放大核对；第 2 行有 11 格未读清或色号不在 MARD 221 内，未计入，请放大核对；第 3 行有 9 格未读清或色号不在 MARD 221 内，未计入，请放大核对；第 4 行有 8 格未读清或色号不在 MARD 221 内，未计入，请放大核对；第 5 行有 10 格未读清或色号不在 MARD 221 内，未计入，请放大核对；第 6 行有 10 格未读清或色号不在 MARD 221 内，未计入，请放大核对；第 7 行有 10 格未读清或色号不在 MARD 221 内，未计入，请放大核对；第 8 行有 10 格未读清或色号不在 MARD 221 内，未计入，请放大核对；第 9 行有 11 格未读清或色号不在 MARD 221 内，未计入，请放大核对；第 10 行有 10 格未读清或色号不在 MARD 221 内，未计入，请放大核对；第 11 行有 6 格未读清或色号不在 MARD 221 内，未计入，请放大核对；第 12 行有 5 格未读清或色号不在 MARD 221 内，未计入，请放大核对；第 13 行有 6 格未读清或色号不在 MARD 221 内，未计入，请放大核对；第 14 行有 8 格未读清或色号不在 MARD 221 内，未计入，请放大核对；第 15 行有 7 格未读清或色号不在 MARD 221 内，未计入，请放大核对；第 16 行有 7 格未读清或色号不在 MARD 221 内，未计入，请放大核对；第 17 行有 4 格未读清或色号不在 MARD 221 内，未计入，请放大核对；第 18 行有 6 格未读清或色号不在 MARD 221 内，未计入，请放大核对；第 19 行有 13 格未读清或色号不在 MARD 221 内，未计入，请放大核对；第 20 行有 11 格未读清或色号不在 MARD 221 内，未计入，请放大核对；第 21 行有 11 格未读清或色号不在 MARD 221 内，未计入，请放大核对；第 22 行有 9 格未读清或色号不在 MARD 221 内，未计入，请放大核对；第 23 行有 11 格未读清或色号不在 MARD 221 内，未计入，请放大核对；第 24 行有 14 格未读清或色号不在 MARD ,not-performed,not-measured
old100,M051,pattern,https://www.bitbead.app/en/library/4e6e578f-a894-4690-bc71-f2ac8ca66c37,grid-labels-without-legend,,True,pixel-glyph-0.12.0-dev,partial,grid,True,True,382,0.18,226.26,"{""G12"": 19, ""H12"": 109, ""H17"": 18, ""H5"": 88, ""H7"": 148}",{},逐格候选已读取；外围是否截断尚未证明，未读清格不计为零；第 1 行有 29 格未读清或色号不在 MARD 221 内，未计入，请放大核对；第 2 行有 29 格未读清或色号不在 MARD 221 内，未计入，请放大核对；第 3 行有 25 格未读清或色号不在 MARD 221 内，未计入，请放大核对；第 4 行有 20 格未读清或色号不在 MARD 221 内，未计入，请放大核对；第 5 行有 16 格未读清或色号不在 MARD 221 内，未计入，请放大核对；第 6 行有 15 格未读清或色号不在 MARD 221 内，未计入，请放大核对；第 7 行有 9 格未读清或色号不在 MARD 221 内，未计入，请放大核对；第 8 行有 8 格未读清或色号不在 MARD 221 内，未计入，请放大核对；第 9 行有 7 格未读清或色号不在 MARD 221 内，未计入，请放大核对；第 10 行有 6 格未读清或色号不在 MARD 221 内，未计入，请放大核对；第 11 行有 6 格未读清或色号不在 MARD 221 内，未计入，请放大核对；第 12 行有 6 格未读清或色号不在 MARD 221 内，未计入，请放大核对；第 13 行有 6 格未读清或色号不在 MARD 221 内，未计入，请放大核对；第 14 行有 4 格未读清或色号不在 MARD 221 内，未计入，请放大核对；第 15 行有 4 格未读清或色号不在 MARD 221 内，未计入，请放大核对；第 16 行有 4 格未读清或色号不在 MARD 221 内，未计入，请放大核对；第 17 行有 4 格未读清或色号不在 MARD 221 内，未计入，请放大核对；第 18 行有 4 格未读清或色号不在 MARD 221 内，未计入，请放大核对；第 19 行有 11 格未读清或色号不在 MARD 221 内，未计入，请放大核对；第 20 行有 12 格未读清或色号不在 MARD 221 内，未计入，请放大核对；第 21 行有 14 格未读清或色号不在 MARD 221 内，未计入，请放大核对；第 22 行有 17 格未读清或色号不在 MARD 221 内，未计入，请放大核对；第 23 行有 29 格未读清或色号不在 MARD 221 内，未计入，请放大核对；第 24 行有 29 格未读清或色号不在 MARD 2,not-performed,not-measured
old100,M052,pattern,https://www.bitbead.app/en/library/9899ce89-e3b2-4e08-a4ad-4c694c5c068c,grid-labels-without-legend,,True,pixel-glyph-0.12.0-dev,partial,grid,True,True,397,0.219,226.26,"{""E8"": 172, ""G7"": 30, ""H2"": 195}",{},逐格候选已读取；外围是否截断尚未证明，未读清格不计为零；第 1 行有 32 格未读清或色号不在 MARD 221 内，未计入，请放大核对；第 2 行有 32 格未读清或色号不在 MARD 221 内，未计入，请放大核对；第 3 行有 28 格未读清或色号不在 MARD 221 内，未计入，请放大核对；第 4 行有 22 格未读清或色号不在 MARD 221 内，未计入，请放大核对；第 5 行有 20 格未读清或色号不在 MARD 221 内，未计入，请放大核对；第 6 行有 16 格未读清或色号不在 MARD 221 内，未计入，请放大核对；第 7 行有 14 格未读清或色号不在 MARD 221 内，未计入，请放大核对；第 8 行有 21 格未读清或色号不在 MARD 221 内，未计入，请放大核对；第 9 行有 18 格未读清或色号不在 MARD 221 内，未计入，请放大核对；第 10 行有 16 格未读清或色号不在 MARD 221 内，未计入，请放大核对；第 11 行有 14 格未读清或色号不在 MARD 221 内，未计入，请放大核对；第 12 行有 4 格未读清或色号不在 MARD 221 内，未计入，请放大核对；第 13 行有 10 格未读清或色号不在 MARD 221 内，未计入，请放大核对；第 14 行有 12 格未读清或色号不在 MARD 221 内，未计入，请放大核对；第 15 行有 12 格未读清或色号不在 MARD 221 内，未计入，请放大核对；第 16 行有 14 格未读清或色号不在 MARD 221 内，未计入，请放大核对；第 17 行有 12 格未读清或色号不在 MARD 221 内，未计入，请放大核对；第 18 行有 16 格未读清或色号不在 MARD 221 内，未计入，请放大核对；第 19 行有 20 格未读清或色号不在 MARD 221 内，未计入，请放大核对；第 20 行有 22 格未读清或色号不在 MARD 221 内，未计入，请放大核对；第 21 行有 24 格未读清或色号不在 MARD 221 内，未计入，请放大核对；第 22 行有 24 格未读清或色号不在 MARD 221 内，未计入，请放大核对；第 23 行有 24 格未读清或色号不在 MARD 221 内，未计入，请放大核对；第 24 行有 22 格未读清或,not-performed,not-measured
old100,M053,pattern,https://www.bitbead.app/en/library/f826a54f-7354-45ae-8aab-bc4a94dcef6c,grid-labels-without-legend,,True,pixel-glyph-0.12.0-dev,partial,grid,True,True,3216,2.32,226.26,"{""D12"": 54, ""D16"": 222, ""D18"": 76, ""D19"": 90, ""D6"": 39, ""E10"": 32, ""E12"": 561, ""E17"": 28, ""E19"": 100, ""E20"": 43, ""E21"": 32, ""E22"": 104, ""E23"": 27, ""E4"": 286, ""E7"": 92, ""E8"": 27, ""H1"": 146, ""H10"": 173, ""H11"": 98, ""H12"": 70, ""H17"": 139, ""H2"": 77, ""H22"": 226, ""H3"": 110, ""H4"": 43, ""H8"": 68, ""H9"": 98, ""M10"": 43, ""M11"": 112}",{},逐格候选已读取；外围是否截断尚未证明，未读清格不计为零；第 1 行有 48 格未读清或色号不在 MARD 221 内，未计入，请放大核对；第 2 行有 48 格未读清或色号不在 MARD 221 内，未计入，请放大核对；第 3 行有 48 格未读清或色号不在 MARD 221 内，未计入，请放大核对；第 4 行有 48 格未读清或色号不在 MARD 221 内，未计入，请放大核对；第 5 行有 46 格未读清或色号不在 MARD 221 内，未计入，请放大核对；第 6 行有 34 格未读清或色号不在 MARD 221 内，未计入，请放大核对；第 7 行有 31 格未读清或色号不在 MARD 221 内，未计入，请放大核对；第 8 行有 26 格未读清或色号不在 MARD 221 内，未计入，请放大核对；第 9 行有 23 格未读清或色号不在 MARD 221 内，未计入，请放大核对；第 10 行有 21 格未读清或色号不在 MARD 221 内，未计入，请放大核对；第 11 行有 19 格未读清或色号不在 MARD 221 内，未计入，请放大核对；第 12 行有 14 格未读清或色号不在 MARD 221 内，未计入，请放大核对；第 13 行有 10 格未读清或色号不在 MARD 221 内，未计入，请放大核对；第 14 行有 9 格未读清或色号不在 MARD 221 内，未计入，请放大核对；第 15 行有 8 格未读清或色号不在 MARD 221 内，未计入，请放大核对；第 16 行有 8 格未读清或色号不在 MARD 221 内，未计入，请放大核对；第 17 行有 7 格未读清或色号不在 MARD 221 内，未计入，请放大核对；第 18 行有 7 格未读清或色号不在 MARD 221 内，未计入，请放大核对；第 19 行有 6 格未读清或色号不在 MARD 221 内，未计入，请放大核对；第 20 行有 6 格未读清或色号不在 MARD 221 内，未计入，请放大核对；第 21 行有 6 格未读清或色号不在 MARD 221 内，未计入，请放大核对；第 22 行有 6 格未读清或色号不在 MARD 221 内，未计入，请放大核对；第 23 行有 5 格未读清或色号不在 MARD 221 内，未计入，请放大核对；第 24 行有 5 格未读清或色号不在 MARD ,not-performed,not-measured
old100,M055,pattern,https://www.bitbead.app/en/library/f2f9e8ad-cf35-5b96-be08-92642975c4ce,grid-labels-without-legend,,True,pixel-glyph-0.12.0-dev,partial,grid,True,True,1502,0.492,226.26,"{""A11"": 271, ""A15"": 4, ""A6"": 451, ""A8"": 87, ""G13"": 181, ""G9"": 39, ""H3"": 81, ""H7"": 388}",{},逐格候选已读取；外围是否截断尚未证明，未读清格不计为零；第 1 行有 63 格未读清或色号不在 MARD 221 内，未计入，请放大核对；第 2 行有 62 格未读清或色号不在 MARD 221 内，未计入，请放大核对；第 3 行有 60 格未读清或色号不在 MARD 221 内，未计入，请放大核对；第 4 行有 60 格未读清或色号不在 MARD 221 内，未计入，请放大核对；第 5 行有 56 格未读清或色号不在 MARD 221 内，未计入，请放大核对；第 6 行有 45 格未读清或色号不在 MARD 221 内，未计入，请放大核对；第 7 行有 37 格未读清或色号不在 MARD 221 内，未计入，请放大核对；第 8 行有 34 格未读清或色号不在 MARD 221 内，未计入，请放大核对；第 9 行有 33 格未读清或色号不在 MARD 221 内，未计入，请放大核对；第 10 行有 28 格未读清或色号不在 MARD 221 内，未计入，请放大核对；第 11 行有 25 格未读清或色号不在 MARD 221 内，未计入，请放大核对；第 12 行有 19 格未读清或色号不在 MARD 221 内，未计入，请放大核对；第 13 行有 14 格未读清或色号不在 MARD 221 内，未计入，请放大核对；第 14 行有 9 格未读清或色号不在 MARD 221 内，未计入，请放大核对；第 15 行有 9 格未读清或色号不在 MARD 221 内，未计入，请放大核对；第 16 行有 8 格未读清或色号不在 MARD 221 内，未计入，请放大核对；第 17 行有 9 格未读清或色号不在 MARD 221 内，未计入，请放大核对；第 18 行有 8 格未读清或色号不在 MARD 221 内，未计入，请放大核对；第 19 行有 9 格未读清或色号不在 MARD 221 内，未计入，请放大核对；第 20 行有 9 格未读清或色号不在 MARD 221 内，未计入，请放大核对；第 21 行有 7 格未读清或色号不在 MARD 221 内，未计入，请放大核对；第 22 行有 7 格未读清或色号不在 MARD 221 内，未计入，请放大核对；第 23 行有 6 格未读清或色号不在 MARD 221 内，未计入，请放大核对；第 24 行有 6 格未读清或色号不在 MARD ,not-performed,not-measured
old100,M056,pattern,https://www.bitbead.app/en/library/e5a72103-c945-42f1-964c-42a3a887d0cd,grid-labels-without-legend,,True,pixel-glyph-0.12.0-dev,partial,grid,True,True,387,0.178,226.26,"{""B2"": 18, ""B3"": 24, ""B5"": 116, ""G8"": 32, ""H2"": 121, ""H7"": 76}",{},逐格候选已读取；外围是否截断尚未证明，未读清格不计为零；第 1 行有 21 格未读清或色号不在 MARD 221 内，未计入，请放大核对；第 2 行有 15 格未读清或色号不在 MARD 221 内，未计入，请放大核对；第 3 行有 15 格未读清或色号不在 MARD 221 内，未计入，请放大核对；第 4 行有 7 格未读清或色号不在 MARD 221 内，未计入，请放大核对；第 5 行有 6 格未读清或色号不在 MARD 221 内，未计入，请放大核对；第 6 行有 6 格未读清或色号不在 MARD 221 内，未计入，请放大核对；第 7 行有 3 格未读清或色号不在 MARD 221 内，未计入，请放大核对；第 8 行有 4 格未读清或色号不在 MARD 221 内，未计入，请放大核对；第 9 行有 2 格未读清或色号不在 MARD 221 内，未计入，请放大核对；第 10 行有 2 格未读清或色号不在 MARD 221 内，未计入，请放大核对；第 11 行有 2 格未读清或色号不在 MARD 221 内，未计入，请放大核对；第 12 行有 2 格未读清或色号不在 MARD 221 内，未计入，请放大核对；第 13 行有 2 格未读清或色号不在 MARD 221 内，未计入，请放大核对；第 14 行有 2 格未读清或色号不在 MARD 221 内，未计入，请放大核对；第 15 行有 3 格未读清或色号不在 MARD 221 内，未计入，请放大核对；第 16 行有 6 格未读清或色号不在 MARD 221 内，未计入，请放大核对；第 17 行有 6 格未读清或色号不在 MARD 221 内，未计入，请放大核对；第 18 行有 6 格未读清或色号不在 MARD 221 内，未计入，请放大核对；第 19 行有 6 格未读清或色号不在 MARD 221 内，未计入，请放大核对；第 20 行有 6 格未读清或色号不在 MARD 221 内，未计入，请放大核对；第 21 行有 6 格未读清或色号不在 MARD 221 内，未计入，请放大核对；第 22 行有 6 格未读清或色号不在 MARD 221 内，未计入，请放大核对；第 23 行有 6 格未读清或色号不在 MARD 221 内，未计入，请放大核对；第 24 行有 6 格未读清或色号不在 MARD 221 内，未计入，,not-performed,not-measured
old100,M057,pattern,https://www.bitbead.app/en/library/024e6fa8-231f-4b95-a884-af615e3df531,grid-labels-without-legend,,True,pixel-glyph-0.12.0-dev,partial,grid,True,True,297,0.179,226.26,"{""A16"": 54, ""C3"": 21, ""C7"": 16, ""G8"": 70, ""H2"": 136}",{},逐格候选已读取；外围是否截断尚未证明，未读清格不计为零；第 1 行有 16 格未读清或色号不在 MARD 221 内，未计入，请放大核对；第 2 行有 6 格未读清或色号不在 MARD 221 内，未计入，请放大核对；第 3 行有 4 格未读清或色号不在 MARD 221 内，未计入，请放大核对；第 4 行有 3 格未读清或色号不在 MARD 221 内，未计入，请放大核对；第 5 行有 2 格未读清或色号不在 MARD 221 内，未计入，请放大核对；第 6 行有 1 格未读清或色号不在 MARD 221 内，未计入，请放大核对；第 7 行有 1 格未读清或色号不在 MARD 221 内，未计入，请放大核对；第 8 行有 1 格未读清或色号不在 MARD 221 内，未计入，请放大核对；第 9 行有 1 格未读清或色号不在 MARD 221 内，未计入，请放大核对；第 10 行有 1 格未读清或色号不在 MARD 221 内，未计入，请放大核对；第 11 行有 2 格未读清或色号不在 MARD 221 内，未计入，请放大核对；第 12 行有 4 格未读清或色号不在 MARD 221 内，未计入，请放大核对；第 13 行有 6 格未读清或色号不在 MARD 221 内，未计入，请放大核对；第 14 行有 3 格未读清或色号不在 MARD 221 内，未计入，请放大核对；第 15 行有 2 格未读清或色号不在 MARD 221 内，未计入，请放大核对；第 16 行有 1 格未读清或色号不在 MARD 221 内，未计入，请放大核对；第 17 行有 1 格未读清或色号不在 MARD 221 内，未计入，请放大核对；第 18 行有 1 格未读清或色号不在 MARD 221 内，未计入，请放大核对；第 19 行有 1 格未读清或色号不在 MARD 221 内，未计入，请放大核对；第 20 行有 2 格未读清或色号不在 MARD 221 内，未计入，请放大核对；第 21 行有 6 格未读清或色号不在 MARD 221 内，未计入，请放大核对；第 22 行有 12 格未读清或色号不在 MARD 221 内，未计入，请放大核对；第 23 行有 13 格未读清或色号不在 MARD 221 内，未计入，请放大核对；第 24 行有 15 格未读清或色号不在 MARD 221 内，未计入,not-performed,not-measured
old100,M058,pattern,https://www.bitbead.app/en/library/8dcb77f0-df5f-4250-b4cd-79108721c03c,grid-labels-without-legend,,True,pixel-glyph-0.12.0-dev,partial,grid,True,True,1024,0.154,226.26,"{""H2"": 223, ""H7"": 801}",{},逐格候选已读取；外围是否截断尚未证明，未读清格不计为零,not-performed,not-measured
old100,M059,pattern,https://www.bitbead.app/en/library/1467967c-0687-4093-b4f2-efcdb01f1c4c,grid-labels-without-legend,,True,pixel-glyph-0.12.0-dev,partial,grid,True,True,873,0.605,226.26,"{""A11"": 25, ""A21"": 13, ""B22"": 42, ""F1"": 23, ""F11"": 20, ""F7"": 14, ""G17"": 43, ""G2"": 75, ""G8"": 124, ""H12"": 21, ""H18"": 169, ""H19"": 9, ""H2"": 149, ""H6"": 1, ""H7"": 76, ""H9"": 43, ""M12"": 26}",{},逐格候选已读取；外围是否截断尚未证明，未读清格不计为零；第 1 行有 31 格未读清或色号不在 MARD 221 内，未计入，请放大核对；第 2 行有 29 格未读清或色号不在 MARD 221 内，未计入，请放大核对；第 3 行有 26 格未读清或色号不在 MARD 221 内，未计入，请放大核对；第 4 行有 26 格未读清或色号不在 MARD 221 内，未计入，请放大核对；第 5 行有 26 格未读清或色号不在 MARD 221 内，未计入，请放大核对；第 6 行有 26 格未读清或色号不在 MARD 221 内，未计入，请放大核对；第 7 行有 24 格未读清或色号不在 MARD 221 内，未计入，请放大核对；第 8 行有 22 格未读清或色号不在 MARD 221 内，未计入，请放大核对；第 9 行有 20 格未读清或色号不在 MARD 221 内，未计入，请放大核对；第 10 行有 20 格未读清或色号不在 MARD 221 内，未计入，请放大核对；第 11 行有 18 格未读清或色号不在 MARD 221 内，未计入，请放大核对；第 12 行有 18 格未读清或色号不在 MARD 221 内，未计入，请放大核对；第 13 行有 16 格未读清或色号不在 MARD 221 内，未计入，请放大核对；第 14 行有 16 格未读清或色号不在 MARD 221 内，未计入，请放大核对；第 15 行有 16 格未读清或色号不在 MARD 221 内，未计入，请放大核对；第 16 行有 16 格未读清或色号不在 MARD 221 内，未计入，请放大核对；第 17 行有 16 格未读清或色号不在 MARD 221 内，未计入，请放大核对；第 18 行有 14 格未读清或色号不在 MARD 221 内，未计入，请放大核对；第 19 行有 14 格未读清或色号不在 MARD 221 内，未计入，请放大核对；第 20 行有 14 格未读清或色号不在 MARD 221 内，未计入，请放大核对；第 21 行有 12 格未读清或色号不在 MARD 221 内，未计入，请放大核对；第 22 行有 12 格未读清或色号不在 MARD 221 内，未计入，请放大核对；第 23 行有 10 格未读清或色号不在 MARD 221 内，未计入，请放大核对；第 24 行有 10 格未读清,not-performed,not-measured
old100,M060,pattern,https://www.bitbead.app/en/library/8ff73539-2b89-4da3-9180-68edbe5f69f0,grid-labels-without-legend,,True,pixel-glyph-0.12.0-dev,partial,grid,True,True,116,0.11,226.26,"{""F11"": 42, ""F18"": 33, ""F22"": 4, ""H2"": 32, ""H7"": 5}",{},逐格候选已读取；外围是否截断尚未证明，未读清格不计为零；第 1 行有 17 格未读清或色号不在 MARD 221 内，未计入，请放大核对；第 2 行有 13 格未读清或色号不在 MARD 221 内，未计入，请放大核对；第 3 行有 9 格未读清或色号不在 MARD 221 内，未计入，请放大核对；第 4 行有 7 格未读清或色号不在 MARD 221 内，未计入，请放大核对；第 5 行有 6 格未读清或色号不在 MARD 221 内，未计入，请放大核对；第 6 行有 6 格未读清或色号不在 MARD 221 内，未计入，请放大核对；第 7 行有 6 格未读清或色号不在 MARD 221 内，未计入，请放大核对；第 8 行有 4 格未读清或色号不在 MARD 221 内，未计入，请放大核对；第 9 行有 2 格未读清或色号不在 MARD 221 内，未计入，请放大核对；第 10 行有 4 格未读清或色号不在 MARD 221 内，未计入，请放大核对；第 11 行有 6 格未读清或色号不在 MARD 221 内，未计入，请放大核对；第 12 行有 8 格未读清或色号不在 MARD 221 内，未计入，请放大核对；第 13 行有 17 格未读清或色号不在 MARD 221 内，未计入，请放大核对,not-performed,not-measured
old100,R001,pattern,https://www.bitbead.app/en/library/d67a2a6c-2a88-4432-9dc2-ce438a7c900f,grid-labels-without-legend,,True,pixel-glyph-0.12.0-dev,partial,grid,True,True,161,0.158,226.26,"{""A13"": 6, ""A16"": 10, ""A23"": 23, ""A4"": 25, ""C13"": 18, ""C4"": 26, ""F17"": 1, ""G1"": 12, ""G21"": 4, ""H1"": 10, ""H7"": 26}",{},逐格候选已读取；外围是否截断尚未证明，未读清格不计为零；第 1 行有 3 格未读清或色号不在 MARD 221 内，未计入，请放大核对；第 2 行有 2 格未读清或色号不在 MARD 221 内，未计入，请放大核对；第 3 行有 2 格未读清或色号不在 MARD 221 内，未计入，请放大核对；第 4 行有 2 格未读清或色号不在 MARD 221 内，未计入，请放大核对；第 5 行有 2 格未读清或色号不在 MARD 221 内，未计入，请放大核对；第 6 行有 1 格未读清或色号不在 MARD 221 内，未计入，请放大核对；第 7 行有 2 格未读清或色号不在 MARD 221 内，未计入，请放大核对；第 8 行有 1 格未读清或色号不在 MARD 221 内，未计入，请放大核对；第 9 行有 1 格未读清或色号不在 MARD 221 内，未计入，请放大核对；第 10 行有 1 格未读清或色号不在 MARD 221 内，未计入，请放大核对；第 11 行有 1 格未读清或色号不在 MARD 221 内，未计入，请放大核对；第 12 行有 1 格未读清或色号不在 MARD 221 内，未计入，请放大核对；第 13 行有 1 格未读清或色号不在 MARD 221 内，未计入，请放大核对；第 14 行有 1 格未读清或色号不在 MARD 221 内，未计入，请放大核对；第 15 行有 1 格未读清或色号不在 MARD 221 内，未计入，请放大核对；第 16 行有 1 格未读清或色号不在 MARD 221 内，未计入，请放大核对；第 17 行有 1 格未读清或色号不在 MARD 221 内，未计入，请放大核对；第 19 行有 3 格未读清或色号不在 MARD 221 内，未计入，请放大核对,not-performed,not-measured
old100,R002,pattern,https://www.bitbead.app/en/library/48e4b321-0f9f-44ab-8815-7fd63449d41b,grid-labels-without-legend,,True,pixel-glyph-0.12.0-dev,partial,grid,True,True,308,0.112,226.26,"{""E12"": 6, ""E15"": 185, ""F14"": 66, ""F5"": 47, ""G14"": 4}",{},逐格候选已读取；外围是否截断尚未证明，未读清格不计为零；第 1 行有 4 格未读清或色号不在 MARD 221 内，未计入，请放大核对；第 2 行有 1 格未读清或色号不在 MARD 221 内，未计入，请放大核对；第 3 行有 1 格未读清或色号不在 MARD 221 内，未计入，请放大核对；第 4 行有 1 格未读清或色号不在 MARD 221 内，未计入，请放大核对；第 8 行有 1 格未读清或色号不在 MARD 221 内，未计入，请放大核对；第 13 行有 1 格未读清或色号不在 MARD 221 内，未计入，请放大核对；第 14 行有 1 格未读清或色号不在 MARD 221 内，未计入，请放大核对；第 15 行有 1 格未读清或色号不在 MARD 221 内，未计入，请放大核对；第 16 行有 1 格未读清或色号不在 MARD 221 内，未计入，请放大核对；第 17 行有 1 格未读清或色号不在 MARD 221 内，未计入，请放大核对；第 18 行有 1 格未读清或色号不在 MARD 221 内，未计入，请放大核对；第 19 行有 2 格未读清或色号不在 MARD 221 内，未计入，请放大核对；第 20 行有 2 格未读清或色号不在 MARD 221 内，未计入，请放大核对；第 21 行有 4 格未读清或色号不在 MARD 221 内，未计入，请放大核对；第 22 行有 4 格未读清或色号不在 MARD 221 内，未计入，请放大核对,not-performed,not-measured
old100,L001,pattern,https://www.pixelbead.art/zh/patterns/cute-orange-kitten,right,"P2,P22,R21,ZG2",True,pixel-glyph-0.12.0-dev,partial,grid,False,False,1477,1.611,226.26,"{""B11"": 20, ""F11"": 3, ""G11"": 169, ""G16"": 87, ""G4"": 388, ""G9"": 2, ""M13"": 40, ""M2"": 16, ""M4"": 671, ""M9"": 81}","{""G11"": [193, 169], ""G14"": [138, null], ""G16"": [301, 87], ""G17"": [142, null], ""G21"": [194, null], ""H16"": [136, null], ""M13"": [161, 40], ""P2"": [287, null], ""P22"": [127, null], ""R21"": [107, null], ""ZG2"": [397, null]}",逐格候选已读取；外围是否截断尚未证明，未读清格不计为零；第 4 行有 4 格未读清或色号不在 MARD 221 内，未计入，请放大核对；第 5 行有 6 格未读清或色号不在 MARD 221 内，未计入，请放大核对；第 6 行有 7 格未读清或色号不在 MARD 221 内，未计入，请放大核对；第 7 行有 8 格未读清或色号不在 MARD 221 内，未计入，请放大核对；第 8 行有 10 格未读清或色号不在 MARD 221 内，未计入，请放大核对；第 9 行有 10 格未读清或色号不在 MARD 221 内，未计入，请放大核对；第 10 行有 11 格未读清或色号不在 MARD 221 内，未计入，请放大核对；第 11 行有 13 格未读清或色号不在 MARD 221 内，未计入，请放大核对；第 12 行有 14 格未读清或色号不在 MARD 221 内，未计入，请放大核对；第 13 行有 14 格未读清或色号不在 MARD 221 内，未计入，请放大核对；第 14 行有 25 格未读清或色号不在 MARD 221 内，未计入，请放大核对；第 15 行有 22 格未读清或色号不在 MARD 221 内，未计入，请放大核对；第 16 行有 24 格未读清或色号不在 MARD 221 内，未计入，请放大核对；第 17 行有 24 格未读清或色号不在 MARD 221 内，未计入，请放大核对；第 18 行有 23 格未读清或色号不在 MARD 221 内，未计入，请放大核对；第 19 行有 27 格未读清或色号不在 MARD 221 内，未计入，请放大核对；第 20 行有 27 格未读清或色号不在 MARD 221 内，未计入，请放大核对；第 21 行有 27 格未读清或色号不在 MARD 221 内，未计入，请放大核对；第 22 行有 30 格未读清或色号不在 MARD 221 内，未计入，请放大核对；第 23 行有 27 格未读清或色号不在 MARD 221 内，未计入，请放大核对；第 24 行有 23 格未读清或色号不在 MARD 221 内，未计入，请放大核对；第 25 行有 30 格未读清或色号不在 MARD 221 内，未计入，请放大核对；第 26 行有 35 格未读清或色号不在 MARD 221 内，未计入，请放大核对；第 27 行有 30 格未读清或,not-performed,not-measured
old100,L002,pattern,https://www.pixelbead.art/zh/patterns/cute-pink-fantasy-dragon,right,"P1,P22",True,pixel-glyph-0.12.0-dev,partial,grid,False,False,1077,1.688,226.26,"{""B15"": 2, ""B23"": 6, ""E18"": 111, ""E21"": 5, ""F11"": 223, ""F21"": 261, ""G4"": 101, ""H13"": 368}","{""P1"": [73, null], ""P22"": [36, null]}",逐格候选已读取；外围是否截断尚未证明，未读清格不计为零；第 2 行有 5 格未读清或色号不在 MARD 221 内，未计入，请放大核对；第 3 行有 2 格未读清或色号不在 MARD 221 内，未计入，请放大核对；第 4 行有 1 格未读清或色号不在 MARD 221 内，未计入，请放大核对；第 6 行有 1 格未读清或色号不在 MARD 221 内，未计入，请放大核对；第 7 行有 4 格未读清或色号不在 MARD 221 内，未计入，请放大核对；第 8 行有 7 格未读清或色号不在 MARD 221 内，未计入，请放大核对；第 9 行有 5 格未读清或色号不在 MARD 221 内，未计入，请放大核对；第 10 行有 3 格未读清或色号不在 MARD 221 内，未计入，请放大核对；第 12 行有 2 格未读清或色号不在 MARD 221 内，未计入，请放大核对；第 13 行有 1 格未读清或色号不在 MARD 221 内，未计入，请放大核对；第 14 行有 2 格未读清或色号不在 MARD 221 内，未计入，请放大核对；第 16 行有 2 格未读清或色号不在 MARD 221 内，未计入，请放大核对；第 17 行有 2 格未读清或色号不在 MARD 221 内，未计入，请放大核对；第 18 行有 3 格未读清或色号不在 MARD 221 内，未计入，请放大核对；第 19 行有 3 格未读清或色号不在 MARD 221 内，未计入，请放大核对；第 20 行有 8 格未读清或色号不在 MARD 221 内，未计入，请放大核对；第 21 行有 6 格未读清或色号不在 MARD 221 内，未计入，请放大核对；第 22 行有 3 格未读清或色号不在 MARD 221 内，未计入，请放大核对；第 23 行有 1 格未读清或色号不在 MARD 221 内，未计入，请放大核对；第 24 行有 2 格未读清或色号不在 MARD 221 内，未计入，请放大核对；第 25 行有 2 格未读清或色号不在 MARD 221 内，未计入，请放大核对；第 26 行有 5 格未读清或色号不在 MARD 221 内，未计入，请放大核对；第 27 行有 2 格未读清或色号不在 MARD 221 内，未计入，请放大核对；第 28 行有 4 格未读清或色号不在 MARD 221 内，未计入，请,not-performed,not-measured
old100,L003,pattern,https://www.pixelbead.art/zh/patterns/cute-shark-costume-cat,right,"ZG5,ZG6",True,pixel-glyph-0.12.0-dev,partial,grid,False,False,555,1.66,226.26,"{""D10"": 372, ""F24"": 33, ""G16"": 38, ""H5"": 34, ""H7"": 7, ""H9"": 71}","{""ZG5"": [1, null], ""ZG6"": [344, null]}",逐格候选已读取；外围是否截断尚未证明，未读清格不计为零；第 5 行有 7 格未读清或色号不在 MARD 221 内，未计入，请放大核对；第 6 行有 19 格未读清或色号不在 MARD 221 内，未计入，请放大核对；第 7 行有 23 格未读清或色号不在 MARD 221 内，未计入，请放大核对；第 8 行有 20 格未读清或色号不在 MARD 221 内，未计入，请放大核对；第 9 行有 18 格未读清或色号不在 MARD 221 内，未计入，请放大核对；第 10 行有 15 格未读清或色号不在 MARD 221 内，未计入，请放大核对；第 11 行有 9 格未读清或色号不在 MARD 221 内，未计入，请放大核对；第 12 行有 8 格未读清或色号不在 MARD 221 内，未计入，请放大核对；第 13 行有 6 格未读清或色号不在 MARD 221 内，未计入，请放大核对；第 14 行有 7 格未读清或色号不在 MARD 221 内，未计入，请放大核对；第 15 行有 6 格未读清或色号不在 MARD 221 内，未计入，请放大核对；第 16 行有 7 格未读清或色号不在 MARD 221 内，未计入，请放大核对；第 17 行有 6 格未读清或色号不在 MARD 221 内，未计入，请放大核对；第 18 行有 5 格未读清或色号不在 MARD 221 内，未计入，请放大核对；第 19 行有 6 格未读清或色号不在 MARD 221 内，未计入，请放大核对；第 20 行有 6 格未读清或色号不在 MARD 221 内，未计入，请放大核对；第 21 行有 5 格未读清或色号不在 MARD 221 内，未计入，请放大核对；第 22 行有 6 格未读清或色号不在 MARD 221 内，未计入，请放大核对；第 23 行有 9 格未读清或色号不在 MARD 221 内，未计入，请放大核对；第 24 行有 12 格未读清或色号不在 MARD 221 内，未计入，请放大核对；第 25 行有 14 格未读清或色号不在 MARD 221 内，未计入，请放大核对；第 26 行有 15 格未读清或色号不在 MARD 221 内，未计入，请放大核对；第 27 行有 17 格未读清或色号不在 MARD 221 内，未计入，请放大核对；第 28 行有 19 格未读清或色号不在 MARD,not-performed,not-measured
old100,L004,pattern,https://www.pixelbead.art/zh/patterns/easy-sitting-orange-cat,right,"R22,R25,T1",True,pixel-glyph-0.12.0-dev,partial,grid,False,False,252,1.234,226.26,"{""E14"": 65, ""F17"": 98, ""G3"": 34, ""G7"": 10, ""H7"": 45}","{""R22"": [44, null], ""R25"": [16, null], ""T1"": [264, null]}",逐格候选已读取；外围是否截断尚未证明，未读清格不计为零；第 1 行有 24 格未读清或色号不在 MARD 221 内，未计入，请放大核对；第 2 行有 24 格未读清或色号不在 MARD 221 内，未计入，请放大核对；第 3 行有 21 格未读清或色号不在 MARD 221 内，未计入，请放大核对；第 4 行有 19 格未读清或色号不在 MARD 221 内，未计入，请放大核对；第 5 行有 18 格未读清或色号不在 MARD 221 内，未计入，请放大核对；第 6 行有 14 格未读清或色号不在 MARD 221 内，未计入，请放大核对；第 7 行有 14 格未读清或色号不在 MARD 221 内，未计入，请放大核对；第 8 行有 14 格未读清或色号不在 MARD 221 内，未计入，请放大核对；第 9 行有 12 格未读清或色号不在 MARD 221 内，未计入，请放大核对；第 10 行有 11 格未读清或色号不在 MARD 221 内，未计入，请放大核对；第 11 行有 12 格未读清或色号不在 MARD 221 内，未计入，请放大核对；第 12 行有 9 格未读清或色号不在 MARD 221 内，未计入，请放大核对；第 13 行有 9 格未读清或色号不在 MARD 221 内，未计入，请放大核对；第 14 行有 11 格未读清或色号不在 MARD 221 内，未计入，请放大核对；第 15 行有 8 格未读清或色号不在 MARD 221 内，未计入，请放大核对；第 16 行有 8 格未读清或色号不在 MARD 221 内，未计入，请放大核对；第 17 行有 7 格未读清或色号不在 MARD 221 内，未计入，请放大核对；第 18 行有 8 格未读清或色号不在 MARD 221 内，未计入，请放大核对；第 19 行有 10 格未读清或色号不在 MARD 221 内，未计入，请放大核对；第 20 行有 11 格未读清或色号不在 MARD 221 内，未计入，请放大核对；第 21 行有 11 格未读清或色号不在 MARD 221 内，未计入，请放大核对；第 22 行有 12 格未读清或色号不在 MARD 221 内，未计入，请放大核对；第 23 行有 13 格未读清或色号不在 MARD 221 内，未计入，请放大核对；第 24 行有 24 格未读清或色号不在 ,not-performed,not-measured
old100,L005,pattern,https://www.pixelbead.art/zh/patterns/forest-fairy-with-fawn,right,"P8,Q2,R23,ZG5",True,pixel-glyph-0.12.0-dev,failed,,False,False,,2.881,226.26,{},"{""A17"": [81, null], ""A22"": [1192, null], ""B11"": [638, null], ""B17"": [691, null], ""B23"": [118, null], ""B26"": [320, null], ""B32"": [889, null], ""F10"": [238, null], ""F11"": [43, null], ""F13"": [26, null], ""F17"": [287, null], ""G11"": [620, null], ""G13"": [124, null], ""G21"": [134, null], ""G4"": [394, null], ""G5"": [65, null], ""H13"": [1234, null], ""H16"": [135, null], ""H19"": [1381, null], ""M10"": [48, null], ""P8"": [1389, null], ""Q2"": [1593, null], ""R23"": [614, null], ""ZG5"": [20, null]}",未取得可靠逐色用量；图例字段未可靠读清，未计入，未记为零,not-performed,not-measured
old100,L007,pattern,https://www.pixelbead.art/zh/patterns/red-haired-anime-girl-portrait,right,"P2,P22,P23,R12,R20,R25,R6,ZG2",True,pixel-glyph-0.12.0-dev,failed,,False,False,,2.988,275.7,{},"{""A23"": [214, null], ""C22"": [17, null], ""C29"": [182, null], ""E11"": [1145, null], ""F11"": [1507, null], ""F19"": [294, null], ""F6"": [133, null], ""F7"": [3644, null], ""F8"": [1113, null], ""G14"": [223, null], ""G17"": [107, null], ""G8"": [242, null], ""H16"": [192, null], ""H19"": [1434, null], ""H23"": [776, null], ""H4"": [154, null], ""H5"": [108, null], ""H6"": [721, null], ""M12"": [132, null], ""M14"": [136, null], ""M7"": [267, null], ""M9"": [90, null], ""P2"": [398, null], ""P22"": [269, null], ""P23"": [78, null], ""R12"": [304, null], ""R20"": [195, null], ""R25"": [229, null], ""R6"": [6, null], ""ZG2"": [90, null]}",未取得可靠逐色用量；图例字段未可靠读清，未计入，未记为零,not-performed,not-measured
old100,L008,pattern,https://www.sxgrocery.com/pattern/1647,below,P16,True,pixel-glyph-0.12.0-dev,partial,legend,False,False,604,0.344,226.26,"{""A26"": 2, ""A6"": 2, ""E15"": 8, ""F4"": 20, ""F6"": 272, ""F8"": 138, ""H7"": 162}","{""P16"": [5, null]}",图例字段未可靠读清，未计入，未记为零；图例与本体计数待核对,not-performed,not-measured
old100,L009,pattern,https://www.sxgrocery.com/pattern/1851,below,,True,pixel-glyph-0.12.0-dev,partial,legend,True,True,754,0.406,226.26,"{""G14"": 67, ""G17"": 60, ""G18"": 185, ""H16"": 213, ""M7"": 168, ""M9"": 61}",{},图例与本体计数待核对,not-performed,not-measured
old100,L010,pattern,https://www.sxgrocery.com/pattern/2135,below,P16,True,pixel-glyph-0.12.0-dev,partial,legend,False,False,245,0.244,226.26,"{""A8"": 18, ""F8"": 30, ""G10"": 8, ""G14"": 40, ""H6"": 149}","{""P16"": [53, null]}",同一文字有不同读法，请核对原图；图例字段未可靠读清，未计入，未记为零；图例与本体计数待核对,not-performed,not-measured
old100,L011,pattern,https://www.sxgrocery.com/pattern/1451,below,,True,pixel-glyph-0.12.0-dev,partial,legend,True,True,680,0.248,226.26,"{""H22"": 319, ""H7"": 361}",{},同一文字有不同读法，请核对原图；图例与本体计数待核对,not-performed,not-measured
old100,L012,pattern,https://www.sxgrocery.com/pattern/1467,below,,True,pixel-glyph-0.12.0-dev,partial,legend,True,True,1849,0.382,226.26,"{""F11"": 1629, ""G11"": 220}",{},图例与本体计数待核对,not-performed,not-measured
old100,L013,pattern,https://www.sxgrocery.com/pattern/1555,below,R1,True,pixel-glyph-0.12.0-dev,partial,legend,False,False,376,0.531,226.26,"{""F4"": 103, ""F8"": 32, ""H11"": 91, ""H7"": 150}","{""R1"": [212, null]}",图例字段未可靠读清，未计入，未记为零；图例与本体计数待核对,not-performed,not-measured
old100,L014,pattern,https://www.sxgrocery.com/pattern/1659,below,,True,pixel-glyph-0.12.0-dev,partial,legend,True,True,445,0.357,226.26,"{""F6"": 151, ""G3"": 24, ""H3"": 32, ""H7"": 234, ""M14"": 4}",{},同一文字有不同读法，请核对原图；图例与本体计数待核对,not-performed,not-measured
old100,L015,pattern,https://www.sxgrocery.com/pattern/1759,below,P5,True,pixel-glyph-0.12.0-dev,partial,legend,False,False,384,0.402,226.26,"{""A10"": 11, ""A14"": 26, ""C28"": 101, ""F10"": 5, ""G6"": 13, ""H22"": 32, ""H7"": 196}","{""P5"": [56, null]}",图例字段未可靠读清，未计入，未记为零；图例与本体计数待核对,not-performed,not-measured
old100,L016,pattern,https://www.sxgrocery.com/pattern/1779,below,"P16,R1",True,pixel-glyph-0.12.0-dev,partial,legend,False,False,687,1.079,226.26,"{""F1"": 34, ""F4"": 15, ""G2"": 61, ""H7"": 577}","{""P16"": [19, null], ""R1"": [398, null]}",图例字段未可靠读清，未计入，未记为零；图例与本体计数待核对,not-performed,not-measured
old100,L017,pattern,https://www.sxgrocery.com/pattern/2051,below,,True,pixel-glyph-0.12.0-dev,partial,legend,True,True,215,0.382,226.26,"{""A10"": 2, ""A8"": 5, ""E19"": 4, ""F13"": 17, ""F25"": 30, ""F8"": 15, ""G13"": 2, ""G21"": 12, ""H7"": 128}",{},同一文字有不同读法，请核对原图；图例与本体计数待核对,not-performed,not-measured
old100,L018,pattern,https://www.sxgrocery.com/pattern/2079,below,,True,pixel-glyph-0.12.0-dev,partial,legend,True,True,383,0.429,226.26,"{""A20"": 68, ""B8"": 25, ""E15"": 6, ""F25"": 70, ""H16"": 214}",{},同一文字有不同读法，请核对原图；图例与本体计数待核对,not-performed,not-measured
old100,L019,pattern,https://www.sxgrocery.com/pattern/2107,below,,True,pixel-glyph-0.12.0-dev,partial,legend,True,True,598,0.467,226.26,"{""A20"": 2, ""H16"": 387, ""H7"": 209}",{},图例与本体计数待核对,not-performed,not-measured
old100,L020,pattern,https://www.sxgrocery.com/pattern/2131,below,Y4,True,pixel-glyph-0.12.0-dev,partial,legend,False,False,302,0.351,226.26,"{""C3"": 32, ""C4"": 109, ""E1"": 10, ""E21"": 25, ""H7"": 121, ""M8"": 5}","{""Y4"": [18, null]}",同一文字有不同读法，请核对原图；图例字段未可靠读清，未计入，未记为零；图例与本体计数待核对,not-performed,not-measured
old100,L021,pattern,https://www.sxgrocery.com/pattern/1127,below,"R14,R7",True,pixel-glyph-0.12.0-dev,partial,legend,False,False,705,0.362,226.26,"{""B10"": 31, ""B19"": 128, ""B7"": 1, ""C1"": 64, ""C12"": 89, ""C18"": 77, ""H7"": 315}","{""R14"": [105, null], ""R7"": [238, null]}",同一文字有不同读法，请核对原图；图例字段未可靠读清，未计入，未记为零；图例与本体计数待核对,not-performed,not-measured
old100,L023,pattern,https://www.sxgrocery.com/pattern/2047,below,,True,pixel-glyph-0.12.0-dev,partial,legend,True,True,488,0.482,226.26,"{""A21"": 19, ""A25"": 32, ""A6"": 33, ""B27"": 20, ""B8"": 12, ""F23"": 34, ""F25"": 83, ""F7"": 17, ""F8"": 10, ""H16"": 228}",{},图例与本体计数待核对,not-performed,not-measured
old100,L024,pattern,https://www.sxgrocery.com/pattern/2055,below,,True,pixel-glyph-0.12.0-dev,partial,legend,True,True,1016,0.448,226.26,"{""A1"": 58, ""A6"": 63, ""A8"": 4, ""E19"": 312, ""E4"": 90, ""G13"": 51, ""G5"": 203, ""H7"": 235}",{},同一文字有不同读法，请核对原图；图例与本体计数待核对,not-performed,not-measured
old100,L025,pattern,https://www.sxgrocery.com/pattern/2063,below,"Q3,R22",True,pixel-glyph-0.12.0-dev,partial,legend,False,False,267,0.355,226.26,"{""C20"": 68, ""C29"": 3, ""C7"": 11, ""D10"": 79, ""E18"": 10, ""F11"": 8, ""F25"": 69, ""F6"": 3, ""F7"": 13, ""F8"": 1, ""H7"": 2}","{""Q3"": [9, null], ""R22"": [1, null]}",图例字段未可靠读清，未计入，未记为零；同一文字有不同读法，请核对原图；图例与本体计数待核对,not-performed,not-measured
old100,L026,pattern,https://www.sxgrocery.com/pattern/2067,below,"P1,Y4",True,pixel-glyph-0.12.0-dev,partial,legend,False,False,572,0.385,226.26,"{""B18"": 6, ""C24"": 101, ""C29"": 21, ""E15"": 6, ""F25"": 91, ""F7"": 14, ""F8"": 107, ""H22"": 1, ""H6"": 1, ""H7"": 223, ""H8"": 1}","{""P1"": [1, null], ""Y4"": [3, null]}",同一文字有不同读法，请核对原图；图例字段未可靠读清，未计入，未记为零；图例与本体计数待核对,not-performed,not-measured
old100,L027,pattern,https://www.sxgrocery.com/pattern/2087,below,R7,True,pixel-glyph-0.12.0-dev,partial,legend,False,False,977,0.492,226.26,"{""C26"": 346, ""E1"": 2, ""E2"": 8, ""E7"": 17, ""G11"": 19, ""H16"": 286, ""H22"": 291, ""H3"": 8}","{""R7"": [175, null]}",图例字段未可靠读清，未计入，未记为零；图例与本体计数待核对,not-performed,not-measured
old100,L028,pattern,https://www.sxgrocery.com/pattern/2095,below,,True,pixel-glyph-0.12.0-dev,partial,legend,True,True,1138,0.558,226.26,"{""A20"": 5, ""C22"": 2, ""C26"": 15, ""E12"": 66, ""E19"": 361, ""E2"": 92, ""E22"": 81, ""E3"": 276, ""G11"": 43, ""H22"": 97, ""H6"": 100}",{},图例与本体计数待核对,not-performed,not-measured
old100,L029,pattern,https://www.sxgrocery.com/pattern/2123,below,Y4,True,pixel-glyph-0.12.0-dev,partial,legend,False,False,503,0.419,226.26,"{""A20"": 5, ""C10"": 63, ""C13"": 16, ""C26"": 8, ""C4"": 177, ""E4"": 6, ""F9"": 21, ""G12"": 11, ""H22"": 7, ""H7"": 182, ""H9"": 7}","{""Y4"": [121, null]}",同一文字有不同读法，请核对原图；图例字段未可靠读清，未计入，未记为零；图例与本体计数待核对,not-performed,not-measured
old100,L030,pattern,https://www.sxgrocery.com/pattern/2143,below,"P18,R5",True,pixel-glyph-0.12.0-dev,partial,legend,False,False,549,0.537,226.26,"{""A1"": 22, ""A10"": 15, ""A14"": 7, ""A20"": 24, ""A21"": 273, ""E15"": 4, ""F14"": 3, ""F24"": 11, ""H16"": 185, ""H22"": 4, ""M14"": 1}","{""P18"": [4, null], ""R5"": [4, null]}",图例字段未可靠读清，未计入，未记为零；同一文字有不同读法，请核对原图；图例与本体计数待核对,not-performed,not-measured
old100,L031,pattern,https://www.sxgrocery.com/pattern/1911,below,P16,True,pixel-glyph-0.12.0-dev,partial,legend,False,False,405,0.475,226.26,"{""A11"": 11, ""A20"": 134, ""C17"": 66, ""C20"": 14, ""C29"": 77, ""C7"": 37, ""F13"": 54, ""G11"": 12}","{""P16"": [262, null]}",同一文字有不同读法，请核对原图；图例字段未可靠读清，未计入，未记为零；图例与本体计数待核对,not-performed,not-measured
old100,L032,pattern,https://www.sxgrocery.com/pattern/1923,below,"P18,R22",True,pixel-glyph-0.12.0-dev,partial,legend,False,False,1415,0.605,226.26,"{""A21"": 77, ""A25"": 14, ""A26"": 97, ""B15"": 4, ""B25"": 304, ""B26"": 78, ""B8"": 142, ""F11"": 59, ""F18"": 150, ""G1"": 57, ""G10"": 87, ""G13"": 31, ""G2"": 76, ""G21"": 5, ""G7"": 55, ""H16"": 170, ""H7"": 3, ""M9"": 6}","{""P18"": [1, null], ""R22"": [47, null]}",图例字段未可靠读清，未计入，未记为零；图例与本体计数待核对,not-performed,not-measured
old100,L033,pattern,https://www.sxgrocery.com/pattern/1927,below,R7,True,pixel-glyph-0.12.0-dev,partial,legend,False,False,1366,0.614,226.26,"{""A10"": 67, ""A20"": 260, ""B32"": 7, ""C19"": 58, ""C2"": 13, ""F13"": 104, ""F25"": 147, ""F6"": 271, ""F8"": 18, ""G1"": 2, ""G10"": 100, ""G13"": 45, ""G18"": 94, ""G21"": 2, ""H11"": 23, ""H7"": 139, ""M2"": 16}","{""R7"": [42, null]}",图例字段未可靠读清，未计入，未记为零；图例与本体计数待核对,not-performed,not-measured
old100,L034,pattern,https://www.sxgrocery.com/pattern/1935,below,,True,pixel-glyph-0.12.0-dev,partial,legend,True,True,585,0.359,226.26,"{""A26"": 39, ""A8"": 74, ""B11"": 11, ""B15"": 46, ""B32"": 109, ""E1"": 43, ""E14"": 7, ""F25"": 37, ""H16"": 219}",{},同一文字有不同读法，请核对原图；图例与本体计数待核对,not-performed,not-measured
old100,L035,pattern,https://www.sxgrocery.com/pattern/1947,below,"Q3,R1,R13,R22",True,pixel-glyph-0.12.0-dev,partial,legend,False,False,1889,0.721,226.26,"{""E4"": 166, ""F10"": 196, ""F11"": 14, ""F3"": 7, ""F4"": 5, ""G12"": 16, ""G9"": 43, ""H11"": 225, ""H20"": 81, ""H4"": 5, ""H6"": 11, ""H7"": 503, ""M11"": 9, ""M15"": 602, ""M6"": 5, ""M7"": 1}","{""Q3"": [69, null], ""R1"": [8, null], ""R13"": [35, null], ""R22"": [4, null]}",图例字段未可靠读清，未计入，未记为零；图例与本体计数待核对,not-performed,not-measured
old100,L036,pattern,https://www.sxgrocery.com/pattern/1963,below,R1,True,pixel-glyph-0.12.0-dev,partial,legend,False,False,745,0.384,226.26,"{""A19"": 9, ""A2"": 107, ""A21"": 7, ""A3"": 2, ""C10"": 13, ""C17"": 14, ""C19"": 125, ""C2"": 137, ""F6"": 18, ""F8"": 6, ""G10"": 39, ""G7"": 18, ""H11"": 40, ""H7"": 210}","{""R1"": [4, null]}",图例字段未可靠读清，未计入，未记为零；图例与本体计数待核对,not-performed,not-measured
old100,L037,pattern,https://www.sxgrocery.com/pattern/1967,below,"R1,R8",True,pixel-glyph-0.12.0-dev,partial,legend,False,False,928,0.533,226.26,"{""A12"": 24, ""A26"": 18, ""C6"": 6, ""C8"": 93, ""D15"": 33, ""E14"": 54, ""F18"": 10, ""F4"": 20, ""F6"": 196, ""G2"": 93, ""H22"": 115, ""H7"": 266}","{""R1"": [42, null], ""R8"": [43, null]}",图例字段未可靠读清，未计入，未记为零；同一文字有不同读法，请核对原图；图例与本体计数待核对,not-performed,not-measured
old100,L038,pattern,https://www.sxgrocery.com/pattern/1987,below,"P16,R1",True,pixel-glyph-0.12.0-dev,partial,legend,False,False,1382,0.572,226.26,"{""A26"": 7, ""A6"": 14, ""C1"": 1, ""C20"": 5, ""C29"": 95, ""C3"": 110, ""C6"": 403, ""C7"": 7, ""D10"": 20, ""D14"": 44, ""F24"": 6, ""F4"": 94, ""H7"": 406, ""M11"": 170}","{""P16"": [15, null], ""R1"": [102, null]}",图例字段未可靠读清，未计入，未记为零；图例与本体计数待核对,not-performed,not-measured
old100,L039,pattern,https://www.sxgrocery.com/pattern/1995,below,"P16,R1,R17,R22",True,pixel-glyph-0.12.0-dev,partial,legend,False,False,1570,0.838,226.26,"{""A10"": 410, ""A26"": 59, ""B11"": 7, ""B15"": 6, ""C19"": 66, ""C20"": 10, ""C29"": 272, ""D1"": 50, ""E21"": 26, ""F11"": 33, ""F13"": 41, ""F3"": 76, ""F4"": 98, ""F6"": 54, ""G10"": 18, ""G11"": 127, ""H7"": 217}","{""P16"": [336, null], ""R1"": [126, null], ""R17"": [229, null], ""R22"": [15, null]}",图例字段未可靠读清，未计入，未记为零；图例与本体计数待核对,not-performed,not-measured
old100,L040,pattern,https://www.sxgrocery.com/pattern/2023,below,R23,True,pixel-glyph-0.12.0-dev,partial,legend,False,False,1791,0.569,226.26,"{""A23"": 164, ""E1"": 73, ""E14"": 728, ""F1"": 173, ""F17"": 26, ""F25"": 11, ""G13"": 3, ""G21"": 87, ""H7"": 523, ""M15"": 3}","{""R23"": [142, null]}",图例字段未可靠读清，未计入，未记为零；图例与本体计数待核对,not-performed,not-measured
old100,L041,pattern,https://www.sxgrocery.com/pattern/2027,below,"P18,P22,R13,R22",True,pixel-glyph-0.12.0-dev,partial,legend,False,False,1569,0.632,226.26,"{""E1"": 35, ""E14"": 516, ""F17"": 14, ""F23"": 6, ""G17"": 214, ""H11"": 4, ""H16"": 106, ""H7"": 674}","{""P18"": [2, null], ""P22"": [58, null], ""R13"": [12, null], ""R22"": [24, null]}",图例字段未可靠读清，未计入，未记为零；图例与本体计数待核对,not-performed,not-measured
old100,L042,pattern,https://www.sxgrocery.com/pattern/2031,below,"P18,R23",True,pixel-glyph-0.12.0-dev,partial,legend,False,False,2016,0.759,226.26,"{""B11"": 8, ""B9"": 2, ""C19"": 5, ""C20"": 19, ""C26"": 50, ""C5"": 53, ""C7"": 16, ""E12"": 9, ""E19"": 110, ""E2"": 1, ""E3"": 78, ""E4"": 21, ""F14"": 5, ""F17"": 75, ""F25"": 510, ""F7"": 101, ""F9"": 17, ""G10"": 18, ""G17"": 22, ""G3"": 265, ""H6"": 421, ""H7"": 199, ""M12"": 11}","{""P18"": [23, null], ""R23"": [19, null]}",图例字段未可靠读清，未计入，未记为零；图例与本体计数待核对,not-performed,not-measured
spot100,P001,pattern,https://www.sxgrocery.com/pattern/598,,,True,pixel-glyph-0.12.0-dev,partial,legend,True,True,79,0.207,100.09,"{""C3"": 2, ""H7"": 77}",{},图例与本体计数待核对,not-performed,not-measured
spot100,P002,pattern,https://www.sxgrocery.com/pattern/1459,,,True,pixel-glyph-0.12.0-dev,partial,legend,True,True,1024,0.289,104.73,"{""C1"": 344, ""H6"": 361, ""H9"": 319}",{},同一文字有不同读法，请核对原图；图例与本体计数待核对,not-performed,not-measured
spot100,P003,pattern,https://www.bitbead.app/en/library/f44ca36b-a218-4c73-b1f9-d78f7fec8dde,,,True,pixel-glyph-0.12.0-dev,partial,grid,True,True,405,0.294,85.29,"{""A20"": 12, ""A4"": 179, ""A5"": 18, ""A6"": 57, ""F5"": 5, ""H2"": 24, ""H7"": 110}",{},逐格候选已读取；外围是否截断尚未证明，未读清格不计为零；第 1 行有 27 格未读清或色号不在 MARD 221 内，未计入，请放大核对；第 2 行有 25 格未读清或色号不在 MARD 221 内，未计入，请放大核对；第 3 行有 25 格未读清或色号不在 MARD 221 内，未计入，请放大核对；第 4 行有 24 格未读清或色号不在 MARD 221 内，未计入，请放大核对；第 5 行有 24 格未读清或色号不在 MARD 221 内，未计入，请放大核对；第 6 行有 25 格未读清或色号不在 MARD 221 内，未计入，请放大核对；第 7 行有 22 格未读清或色号不在 MARD 221 内，未计入，请放大核对；第 8 行有 20 格未读清或色号不在 MARD 221 内，未计入，请放大核对；第 9 行有 17 格未读清或色号不在 MARD 221 内，未计入，请放大核对；第 10 行有 15 格未读清或色号不在 MARD 221 内，未计入，请放大核对；第 11 行有 14 格未读清或色号不在 MARD 221 内，未计入，请放大核对；第 12 行有 14 格未读清或色号不在 MARD 221 内，未计入，请放大核对；第 13 行有 14 格未读清或色号不在 MARD 221 内，未计入，请放大核对；第 14 行有 13 格未读清或色号不在 MARD 221 内，未计入，请放大核对；第 15 行有 13 格未读清或色号不在 MARD 221 内，未计入，请放大核对；第 16 行有 13 格未读清或色号不在 MARD 221 内，未计入，请放大核对；第 17 行有 13 格未读清或色号不在 MARD 221 内，未计入，请放大核对；第 18 行有 12 格未读清或色号不在 MARD 221 内，未计入，请放大核对；第 19 行有 12 格未读清或色号不在 MARD 221 内，未计入，请放大核对；第 20 行有 12 格未读清或色号不在 MARD 221 内，未计入，请放大核对；第 21 行有 12 格未读清或色号不在 MARD 221 内，未计入，请放大核对；第 22 行有 12 格未读清或色号不在 MARD 221 内，未计入，请放大核对；第 23 行有 7 格未读清或色号不在 MARD 221 内，未计入，请放大核对；第 24 行有 3 格未读清或色,not-performed,not-measured
spot100,P004,pattern,https://www.sxgrocery.com/pattern/1691,,,True,pixel-glyph-0.12.0-dev,partial,legend,True,True,1160,0.419,122.93,"{""D10"": 175, ""D6"": 106, ""D7"": 160, ""G10"": 147, ""G11"": 147, ""H7"": 425}",{},图例与本体计数待核对,not-performed,not-measured
spot100,P005,pattern,https://www.sxgrocery.com/pattern/1907,,"P12,P16,R23,R7",True,pixel-glyph-0.12.0-dev,partial,legend,False,False,326,0.786,145.03,"{""A10"": 45, ""A21"": 40, ""A25"": 20, ""C5"": 131, ""F13"": 81, ""G13"": 9}","{""P12"": [41, null], ""P16"": [150, null], ""R23"": [192, null], ""R7"": [8, null]}",图例字段未可靠读清，未计入，未记为零；图例与本体计数待核对,not-performed,not-measured
spot100,P006,pattern,https://www.sxgrocery.com/pattern/1174,,"P16,P5,R1,R22",True,pixel-glyph-0.12.0-dev,partial,legend,False,False,1012,0.703,142.87,"{""A1"": 132, ""A14"": 9, ""A21"": 6, ""A8"": 18, ""F11"": 57, ""F3"": 93, ""F4"": 83, ""F6"": 204, ""G11"": 58, ""G12"": 332, ""G13"": 9, ""G4"": 6, ""G6"": 1, ""H7"": 4}","{""P16"": [53, null], ""P5"": [20, null], ""R1"": [190, null], ""R22"": [37, null]}",图例字段未可靠读清，未计入，未记为零；图例与本体计数待核对,not-performed,not-measured
spot100,P007,pattern,https://www.sxgrocery.com/pattern/1879,,"R22,R23",True,pixel-glyph-0.12.0-dev,partial,legend,False,False,1391,0.669,148.85,"{""A2"": 25, ""B11"": 158, ""B15"": 167, ""B16"": 34, ""B23"": 137, ""B24"": 11, ""B26"": 64, ""B27"": 104, ""B32"": 168, ""G11"": 99, ""G12"": 50, ""G14"": 52, ""G7"": 26, ""H7"": 296}","{""R22"": [68, null], ""R23"": [11, null]}",图例字段未可靠读清，未计入，未记为零；图例与本体计数待核对,not-performed,not-measured
spot100,P008,pattern,https://www.sxgrocery.com/pattern/1407,,R1,True,pixel-glyph-0.12.0-dev,partial,legend,False,False,655,0.813,131.31,"{""A23"": 111, ""F1"": 6, ""F4"": 130, ""G10"": 163, ""H7"": 245}","{""R1"": [80, null]}",图例字段未可靠读清，未计入，未记为零；图例与本体计数待核对,not-performed,not-measured
spot100,P009,pattern,https://www.sxgrocery.com/pattern/1627,,"P1,P12,Q3,R14,R23",True,pixel-glyph-0.12.0-dev,partial,legend,False,False,1466,0.766,145.27,"{""B9"": 43, ""C1"": 27, ""C13"": 11, ""C14"": 57, ""C2"": 101, ""C22"": 29, ""C25"": 26, ""C26"": 5, ""C29"": 9, ""D1"": 9, ""D2"": 15, ""D22"": 88, ""D24"": 36, ""D25"": 64, ""D7"": 393, ""G17"": 12, ""H7"": 452, ""M12"": 89}","{""P1"": [11, null], ""P12"": [11, null], ""Q3"": [11, null], ""R14"": [14, null], ""R23"": [233, null]}",图例字段未可靠读清，未计入，未记为零；图例与本体计数待核对,not-performed,not-measured
spot100,P010,pattern,https://www.sxgrocery.com/pattern/1283,,R22,True,pixel-glyph-0.12.0-dev,partial,legend,False,False,590,0.687,139.39,"{""C21"": 5, ""C22"": 5, ""E19"": 147, ""E2"": 286, ""E21"": 8, ""E3"": 33, ""E4"": 84, ""F1"": 2, ""F14"": 2, ""G2"": 15, ""H7"": 3}","{""R22"": [1, null]}",图例字段未可靠读清，未计入，未记为零；图例与本体计数待核对,not-performed,not-measured
spot100,P011,pattern,https://www.sxgrocery.com/pattern/1391,,"R1,R5",True,pixel-glyph-0.12.0-dev,partial,legend,False,False,505,0.729,113.44,"{""A8"": 44, ""B12"": 14, ""B25"": 1, ""B31"": 46, ""B8"": 24, ""B9"": 6, ""F17"": 12, ""F23"": 24, ""G1"": 94, ""H7"": 240}","{""R1"": [105, null], ""R5"": [12, null]}",图例字段未可靠读清，未计入，未记为零；图例与本体计数待核对,not-performed,not-measured
spot100,P012,pattern,https://www.sxgrocery.com/pattern/892,,"P12,P6,Q3,R17,R5",True,pixel-glyph-0.12.0-dev,partial,legend,False,False,1280,0.904,164.02,"{""A1"": 10, ""A2"": 60, ""B15"": 30, ""B17"": 55, ""B18"": 172, ""B19"": 44, ""B22"": 10, ""B24"": 80, ""B28"": 127, ""B31"": 42, ""B32"": 24, ""B9"": 8, ""C1"": 49, ""C15"": 18, ""C18"": 15, ""C2"": 309, ""E1"": 22, ""H14"": 48, ""H18"": 3, ""H7"": 154}","{""P12"": [16, null], ""P6"": [722, null], ""Q3"": [19, null], ""R17"": [111, null], ""R5"": [18, null]}",图例字段未可靠读清，未计入，未记为零；图例与本体计数待核对,not-performed,not-measured
spot100,P013,pattern,https://www.sxgrocery.com/pattern/1735,,P22,True,pixel-glyph-0.12.0-dev,partial,legend,False,False,997,0.464,125.38,"{""E11"": 75, ""F11"": 57, ""F7"": 6, ""F8"": 36, ""G3"": 18, ""H16"": 251, ""H22"": 219, ""H3"": 228, ""H4"": 23, ""H6"": 37, ""M15"": 47}","{""P22"": [38, null]}",同一文字有不同读法，请核对原图；图例字段未可靠读清，未计入，未记为零；图例与本体计数待核对,not-performed,not-measured
spot100,P014,pattern,https://www.sxgrocery.com/pattern/1259,,"P10,R5,R8",True,pixel-glyph-0.12.0-dev,partial,legend,False,False,1239,0.636,141.8,"{""B31"": 27, ""B4"": 85, ""B8"": 298, ""C20"": 131, ""C29"": 90, ""C6"": 26, ""C7"": 27, ""C8"": 11, ""C9"": 21, ""D10"": 164, ""D15"": 209, ""D24"": 59, ""D25"": 24, ""D6"": 14, ""D7"": 21, ""D9"": 32}","{""P10"": [10, null], ""R5"": [130, null], ""R8"": [10, null]}",图例字段未可靠读清，未计入，未记为零；图例与本体计数待核对,not-performed,not-measured
spot100,P015,pattern,https://www.sxgrocery.com/pattern/1247,,,True,pixel-glyph-0.12.0-dev,partial,legend,True,True,2573,1.014,178.43,"{""B21"": 6, ""C11"": 26, ""C15"": 187, ""C2"": 1050, ""C20"": 66, ""C22"": 87, ""E14"": 261, ""F17"": 3, ""F21"": 52, ""H16"": 781, ""H7"": 18, ""M1"": 21, ""M5"": 15}",{},图例与本体计数待核对,not-performed,not-measured
spot100,P016,pattern,https://www.sxgrocery.com/pattern/782,,"P15,P16,P2,P22,P9,R13",True,pixel-glyph-0.12.0-dev,partial,legend,False,False,2566,0.863,162.88,"{""A20"": 127, ""A23"": 2, ""A26"": 3, ""A6"": 24, ""B15"": 220, ""B25"": 380, ""B9"": 5, ""C12"": 303, ""C18"": 239, ""E14"": 13, ""E21"": 1, ""F25"": 13, ""F6"": 6, ""F7"": 8, ""G10"": 21, ""G17"": 2, ""G3"": 72, ""H11"": 285, ""H19"": 15, ""H20"": 40, ""H21"": 1, ""H23"": 7, ""H3"": 93, ""H4"": 116, ""H5"": 78, ""H6"": 458, ""H7"": 14, ""H9"": 2, ""M15"": 1, ""M3"": 1, ""M4"": 15, ""M7"": 1}","{""P15"": [4, null], ""P16"": [12, null], ""P2"": [1, null], ""P22"": [38, null], ""P9"": [1, null], ""R13"": [2, null]}",同一文字有不同读法，请核对原图；图例字段未可靠读清，未计入，未记为零；图例与本体计数待核对,not-performed,not-measured
spot100,P017,pattern,https://www.sxgrocery.com/pattern/529,,,True,pixel-glyph-0.12.0-dev,partial,legend,True,True,777,0.551,135.61,"{""C20"": 6, ""C24"": 5, ""C27"": 1, ""C29"": 2, ""C3"": 1, ""C6"": 1, ""C7"": 4, ""D10"": 4, ""D26"": 14, ""G1"": 16, ""G18"": 334, ""H16"": 1, ""H3"": 2, ""H7"": 298, ""M11"": 88}",{},同一文字有不同读法，请核对原图；图例与本体计数待核对,not-performed,not-measured
spot100,P018,pattern,https://www.bitbead.app/en/library/5f48fd7a-adfa-491d-a54a-c6968406deae,,,True,pixel-glyph-0.12.0-dev,partial,grid,True,True,841,0.45,90.18,"{""H2"": 156, ""H4"": 180, ""H7"": 505}",{},逐格候选已读取；外围是否截断尚未证明，未读清格不计为零；第 1 行有 33 格未读清或色号不在 MARD 221 内，未计入，请放大核对；第 2 行有 33 格未读清或色号不在 MARD 221 内，未计入，请放大核对；第 3 行有 4 格未读清或色号不在 MARD 221 内，未计入，请放大核对；第 4 行有 4 格未读清或色号不在 MARD 221 内，未计入，请放大核对；第 5 行有 4 格未读清或色号不在 MARD 221 内，未计入，请放大核对；第 6 行有 4 格未读清或色号不在 MARD 221 内，未计入，请放大核对；第 7 行有 4 格未读清或色号不在 MARD 221 内，未计入，请放大核对；第 8 行有 4 格未读清或色号不在 MARD 221 内，未计入，请放大核对；第 9 行有 4 格未读清或色号不在 MARD 221 内，未计入，请放大核对；第 10 行有 4 格未读清或色号不在 MARD 221 内，未计入，请放大核对；第 11 行有 4 格未读清或色号不在 MARD 221 内，未计入，请放大核对；第 12 行有 4 格未读清或色号不在 MARD 221 内，未计入，请放大核对；第 13 行有 4 格未读清或色号不在 MARD 221 内，未计入，请放大核对；第 14 行有 4 格未读清或色号不在 MARD 221 内，未计入，请放大核对；第 15 行有 4 格未读清或色号不在 MARD 221 内，未计入，请放大核对；第 16 行有 4 格未读清或色号不在 MARD 221 内，未计入，请放大核对；第 17 行有 4 格未读清或色号不在 MARD 221 内，未计入，请放大核对；第 18 行有 4 格未读清或色号不在 MARD 221 内，未计入，请放大核对；第 19 行有 4 格未读清或色号不在 MARD 221 内，未计入，请放大核对；第 20 行有 4 格未读清或色号不在 MARD 221 内，未计入，请放大核对；第 21 行有 4 格未读清或色号不在 MARD 221 内，未计入，请放大核对；第 22 行有 4 格未读清或色号不在 MARD 221 内，未计入，请放大核对；第 23 行有 4 格未读清或色号不在 MARD 221 内，未计入，请放大核对；第 24 行有 4 格未读清或色号不在 MARD 221 内，未计入，请,not-performed,not-measured
spot100,P019,pattern,https://www.sxgrocery.com/pattern/1899,,,True,pixel-glyph-0.12.0-dev,partial,legend,True,True,736,0.39,123.97,"{""B19"": 114, ""B25"": 14, ""F10"": 101, ""G13"": 138, ""G9"": 195, ""H19"": 37, ""H6"": 76, ""M4"": 61}",{},同一文字有不同读法，请核对原图；图例与本体计数待核对,not-performed,not-measured
spot100,P020,pattern,https://www.sxgrocery.com/pattern/1003,,,True,pixel-glyph-0.12.0-dev,partial,legend,True,True,277,0.278,109.03,"{""A1"": 29, ""A21"": 20, ""A25"": 39, ""B15"": 19, ""F22"": 26, ""G7"": 3, ""H7"": 141}",{},同一文字有不同读法，请核对原图；图例与本体计数待核对,not-performed,not-measured
spot100,P021,pattern,https://www.sxgrocery.com/pattern/1739,,,True,pixel-glyph-0.12.0-dev,partial,legend,True,True,852,0.384,119.32,"{""B17"": 5, ""B32"": 11, ""E1"": 58, ""E11"": 109, ""E14"": 7, ""F11"": 15, ""F17"": 40, ""F25"": 418, ""F6"": 151, ""H7"": 38}",{},图例与本体计数待核对,not-performed,not-measured
spot100,P022,pattern,https://www.sxgrocery.com/pattern/694,,R13,True,pixel-glyph-0.12.0-dev,partial,legend,False,False,499,0.284,111.17,"{""H7"": 467, ""M15"": 32}","{""R13"": [70, null]}",图例字段未可靠读清，未计入，未记为零；同一文字有不同读法，请核对原图；图例与本体计数待核对,not-performed,not-measured
spot100,P023,pattern,https://www.sxgrocery.com/pattern/1799,,"R13,R22,R23,R25",True,pixel-glyph-0.12.0-dev,partial,legend,False,False,747,0.696,140.68,"{""E1"": 10, ""E14"": 75, ""F14"": 30, ""G17"": 111, ""G3"": 4, ""H5"": 2, ""H6"": 240, ""H7"": 274, ""M14"": 1}","{""R13"": [34, null], ""R22"": [52, null], ""R23"": [18, null], ""R25"": [3, null]}",图例字段未可靠读清，未计入，未记为零；图例与本体计数待核对,not-performed,not-measured
spot100,P024,pattern,https://www.bitbead.app/en/library/c4f2a88d-3763-4d9c-9ece-57e9c8b65145,,,True,pixel-glyph-0.12.0-dev,partial,grid,True,True,1334,0.533,102.03,"{""C12"": 40, ""C29"": 13, ""C9"": 258, ""H1"": 322, ""H16"": 76, ""H4"": 254, ""H5"": 71, ""H6"": 35, ""H7"": 195, ""M12"": 5, ""M15"": 65}",{},逐格候选已读取；外围是否截断尚未证明，未读清格不计为零；第 1 行有 39 格未读清或色号不在 MARD 221 内，未计入，请放大核对；第 2 行有 39 格未读清或色号不在 MARD 221 内，未计入，请放大核对；第 3 行有 5 格未读清或色号不在 MARD 221 内，未计入，请放大核对；第 4 行有 5 格未读清或色号不在 MARD 221 内，未计入，请放大核对；第 5 行有 5 格未读清或色号不在 MARD 221 内，未计入，请放大核对；第 6 行有 5 格未读清或色号不在 MARD 221 内，未计入，请放大核对；第 7 行有 5 格未读清或色号不在 MARD 221 内，未计入，请放大核对；第 8 行有 5 格未读清或色号不在 MARD 221 内，未计入，请放大核对；第 9 行有 5 格未读清或色号不在 MARD 221 内，未计入，请放大核对；第 10 行有 5 格未读清或色号不在 MARD 221 内，未计入，请放大核对；第 11 行有 5 格未读清或色号不在 MARD 221 内，未计入，请放大核对；第 12 行有 5 格未读清或色号不在 MARD 221 内，未计入，请放大核对；第 13 行有 5 格未读清或色号不在 MARD 221 内，未计入，请放大核对；第 14 行有 5 格未读清或色号不在 MARD 221 内，未计入，请放大核对；第 15 行有 5 格未读清或色号不在 MARD 221 内，未计入，请放大核对；第 16 行有 5 格未读清或色号不在 MARD 221 内，未计入，请放大核对；第 17 行有 5 格未读清或色号不在 MARD 221 内，未计入，请放大核对；第 18 行有 5 格未读清或色号不在 MARD 221 内，未计入，请放大核对；第 19 行有 5 格未读清或色号不在 MARD 221 内，未计入，请放大核对；第 20 行有 5 格未读清或色号不在 MARD 221 内，未计入，请放大核对；第 21 行有 5 格未读清或色号不在 MARD 221 内，未计入，请放大核对；第 22 行有 5 格未读清或色号不在 MARD 221 内，未计入，请放大核对；第 23 行有 5 格未读清或色号不在 MARD 221 内，未计入，请放大核对；第 24 行有 5 格未读清或色号不在 MARD 221 内，未计入，请,not-performed,not-measured
spot100,P025,pattern,https://www.bitbead.app/en/library/275ca2e6-6121-4d6b-91b3-23af370710d7,,,True,pixel-glyph-0.12.0-dev,partial,grid,True,True,866,0.452,99.05,"{""A4"": 81, ""A7"": 72, ""B5"": 63, ""C7"": 72, ""D20"": 108, ""F5"": 90, ""H7"": 380}",{},逐格候选已读取；外围是否截断尚未证明，未读清格不计为零；第 1 行有 51 格未读清或色号不在 MARD 221 内，未计入，请放大核对；第 2 行有 51 格未读清或色号不在 MARD 221 内，未计入，请放大核对；第 3 行有 51 格未读清或色号不在 MARD 221 内，未计入，请放大核对；第 4 行有 33 格未读清或色号不在 MARD 221 内，未计入，请放大核对；第 5 行有 18 格未读清或色号不在 MARD 221 内，未计入，请放大核对；第 6 行有 12 格未读清或色号不在 MARD 221 内，未计入，请放大核对；第 7 行有 18 格未读清或色号不在 MARD 221 内，未计入，请放大核对；第 8 行有 12 格未读清或色号不在 MARD 221 内，未计入，请放大核对；第 9 行有 18 格未读清或色号不在 MARD 221 内，未计入，请放大核对；第 10 行有 12 格未读清或色号不在 MARD 221 内，未计入，请放大核对；第 11 行有 18 格未读清或色号不在 MARD 221 内，未计入，请放大核对；第 12 行有 12 格未读清或色号不在 MARD 221 内，未计入，请放大核对；第 13 行有 18 格未读清或色号不在 MARD 221 内，未计入，请放大核对；第 14 行有 12 格未读清或色号不在 MARD 221 内，未计入，请放大核对；第 15 行有 18 格未读清或色号不在 MARD 221 内，未计入，请放大核对；第 16 行有 33 格未读清或色号不在 MARD 221 内，未计入，请放大核对；第 17 行有 51 格未读清或色号不在 MARD 221 内，未计入，请放大核对；第 18 行有 51 格未读清或色号不在 MARD 221 内，未计入，请放大核对；第 19 行有 43 格未读清或色号不在 MARD 221 内，未计入，请放大核对；第 20 行有 26 格未读清或色号不在 MARD 221 内，未计入，请放大核对；第 21 行有 16 格未读清或色号不在 MARD 221 内，未计入，请放大核对；第 22 行有 14 格未读清或色号不在 MARD 221 内，未计入，请放大核对；第 23 行有 16 格未读清或色号不在 MARD 221 内，未计入，请放大核对；第 24 行有 14 格未读清,not-performed,not-measured
spot100,P026,pattern,https://www.sxgrocery.com/pattern/1751,,,True,pixel-glyph-0.12.0-dev,partial,legend,True,True,1454,0.675,156.25,"{""B15"": 12, ""B16"": 8, ""B32"": 14, ""E11"": 110, ""F14"": 6, ""F20"": 18, ""F21"": 8, ""F22"": 65, ""H11"": 519, ""H16"": 194, ""H7"": 500}",{},图例与本体计数待核对,not-performed,not-measured
spot100,P027,pattern,https://www.sxgrocery.com/pattern/2015,,,True,pixel-glyph-0.12.0-dev,partial,legend,True,True,1251,0.497,139.9,"{""C20"": 246, ""C22"": 60, ""C26"": 122, ""C29"": 79, ""C7"": 123, ""E23"": 250, ""H7"": 371}",{},图例与本体计数待核对,not-performed,not-measured
spot100,P028,pattern,https://www.sxgrocery.com/pattern/1743,,R22,True,pixel-glyph-0.12.0-dev,partial,legend,False,False,635,0.432,124.38,"{""E14"": 24, ""F11"": 70, ""F17"": 41, ""F19"": 14, ""F20"": 17, ""F25"": 167, ""F8"": 85, ""G12"": 8, ""G14"": 102, ""G21"": 24, ""G3"": 68, ""H13"": 4, ""M14"": 11}","{""R22"": [12, null]}",图例字段未可靠读清，未计入，未记为零；图例与本体计数待核对,not-performed,not-measured
spot100,P029,pattern,https://www.bitbead.app/en/library/7e8e52c4-bc0f-4cbc-b686-67eeae5adcbe,,"P1,P105,P17,P18,P181,P201,P208,P267,P92",True,pixel-glyph-0.12.0-dev,failed,,False,False,,1.638,165.41,{},"{""P1"": [1723, null], ""P105"": [1, null], ""P17"": [22, null], ""P18"": [3680, null], ""P181"": [595, null], ""P201"": [4, null], ""P208"": [173, null], ""P267"": [3, null], ""P92"": [3, null]}",图例文字、色号、数量或边界不可靠；未取得可靠逐色用量,not-performed,not-measured
spot100,P030,pattern,https://www.sxgrocery.com/pattern/1251,,"P1,P16,P18,P2,P5,P9,R13,R21,Y2,ZG3",True,pixel-glyph-0.12.0-dev,partial,legend,False,False,1689,0.925,163.76,"{""A14"": 4, ""A20"": 12, ""A21"": 101, ""A25"": 65, ""A26"": 22, ""A6"": 53, ""A9"": 10, ""B26"": 1, ""E1"": 69, ""E14"": 100, ""F1"": 27, ""F13"": 5, ""F17"": 64, ""F18"": 2, ""F25"": 42, ""G10"": 133, ""G12"": 1, ""G13"": 123, ""G14"": 4, ""G3"": 7, ""G5"": 5, ""G6"": 78, ""H11"": 24, ""H16"": 515, ""H20"": 8, ""H23"": 1, ""H3"": 2, ""H4"": 2, ""H7"": 201, ""M15"": 6, ""M5"": 2}","{""P1"": [2, null], ""P16"": [82, null], ""P18"": [8, null], ""P2"": [1, null], ""P5"": [425, null], ""P9"": [1, null], ""R13"": [1, null], ""R21"": [2, null], ""Y2"": [1, null], ""ZG3"": [8, null]}",图例字段未可靠读清，未计入，未记为零；图例与本体计数待核对,not-performed,not-measured
spot100,P031,pattern,https://www.sxgrocery.com/pattern/726,,R22,True,pixel-glyph-0.12.0-dev,partial,legend,False,False,1307,0.664,149.2,"{""B15"": 67, ""B23"": 9, ""B25"": 55, ""B32"": 6, ""C20"": 218, ""C29"": 100, ""G1"": 17, ""G14"": 45, ""G16"": 125, ""G17"": 8, ""G2"": 87, ""G3"": 2, ""G4"": 18, ""H15"": 6, ""H3"": 37, ""H7"": 449, ""M9"": 58}","{""R22"": [141, null]}",图例字段未可靠读清，未计入，未记为零；同一文字有不同读法，请核对原图；图例与本体计数待核对,not-performed,not-measured
spot100,P032,pattern,https://www.bitbead.app/en/library/27219da1-a862-4d70-a437-af3786906ab8,,,True,pixel-glyph-0.12.0-dev,partial,grid,True,True,1377,0.844,109.27,"{""A23"": 30, ""G1"": 9, ""G11"": 20, ""G14"": 29, ""G17"": 23, ""G18"": 66, ""G3"": 24, ""H11"": 19, ""H16"": 48, ""H23"": 14, ""H3"": 11, ""H4"": 13, ""H5"": 48, ""H6"": 405, ""H9"": 37, ""M12"": 93, ""M15"": 17, ""M4"": 187, ""M7"": 181, ""M9"": 103}",{},逐格候选已读取；外围是否截断尚未证明，未读清格不计为零；第 1 行有 46 格未读清或色号不在 MARD 221 内，未计入，请放大核对；第 2 行有 46 格未读清或色号不在 MARD 221 内，未计入，请放大核对；第 3 行有 46 格未读清或色号不在 MARD 221 内，未计入，请放大核对；第 4 行有 43 格未读清或色号不在 MARD 221 内，未计入，请放大核对；第 5 行有 36 格未读清或色号不在 MARD 221 内，未计入，请放大核对；第 6 行有 34 格未读清或色号不在 MARD 221 内，未计入，请放大核对；第 7 行有 32 格未读清或色号不在 MARD 221 内，未计入，请放大核对；第 8 行有 27 格未读清或色号不在 MARD 221 内，未计入，请放大核对；第 9 行有 17 格未读清或色号不在 MARD 221 内，未计入，请放大核对；第 10 行有 15 格未读清或色号不在 MARD 221 内，未计入，请放大核对；第 11 行有 13 格未读清或色号不在 MARD 221 内，未计入，请放大核对；第 12 行有 12 格未读清或色号不在 MARD 221 内，未计入，请放大核对；第 13 行有 12 格未读清或色号不在 MARD 221 内，未计入，请放大核对；第 14 行有 11 格未读清或色号不在 MARD 221 内，未计入，请放大核对；第 15 行有 11 格未读清或色号不在 MARD 221 内，未计入，请放大核对；第 16 行有 13 格未读清或色号不在 MARD 221 内，未计入，请放大核对；第 17 行有 13 格未读清或色号不在 MARD 221 内，未计入，请放大核对；第 18 行有 13 格未读清或色号不在 MARD 221 内，未计入，请放大核对；第 19 行有 13 格未读清或色号不在 MARD 221 内，未计入，请放大核对；第 20 行有 12 格未读清或色号不在 MARD 221 内，未计入，请放大核对；第 21 行有 12 格未读清或色号不在 MARD 221 内，未计入，请放大核对；第 22 行有 10 格未读清或色号不在 MARD 221 内，未计入，请放大核对；第 23 行有 9 格未读清或色号不在 MARD 221 内，未计入，请放大核对；第 24 行有 9 格未读清或色,not-performed,not-measured
spot100,P033,pattern,https://www.bitbead.app/en/library/21f6b401-090a-416c-93e7-a942f6d67899,,"MA17,MF11,MG10",True,pixel-glyph-0.12.0-dev,failed,,False,False,,1.11,119.05,{},"{""MA17"": [1198, null], ""MF11"": [360, null], ""MG10"": [34, null]}",图例文字、色号、数量或边界不可靠；未取得可靠逐色用量,not-performed,not-measured
spot100,P034,pattern,https://www.sxgrocery.com/pattern/1507,,,True,pixel-glyph-0.12.0-dev,partial,legend,True,True,1997,0.908,171.04,"{""A19"": 175, ""E1"": 5, ""E11"": 3, ""E15"": 501, ""F14"": 49, ""F21"": 214, ""F24"": 241, ""F25"": 134, ""F3"": 38, ""F9"": 7, ""G1"": 2, ""H16"": 2, ""H8"": 622, ""M9"": 4}",{},图例与本体计数待核对,not-performed,not-measured
spot100,P035,pattern,https://www.sxgrocery.com/pattern/1115,,"R14,R7",True,pixel-glyph-0.12.0-dev,partial,legend,False,False,708,0.361,118.45,"{""B10"": 21, ""B19"": 94, ""B7"": 1, ""C1"": 64, ""C12"": 77, ""C18"": 88, ""H7"": 363}","{""R14"": [115, null], ""R7"": [225, null]}",图例字段未可靠读清，未计入，未记为零；同一文字有不同读法，请核对原图；图例与本体计数待核对,not-performed,not-measured
spot100,P036,pattern,https://www.bitbead.app/en/library/597c913b-fe78-4eae-8a3d-64bf3a010d98,,"P1,P17,P181,P207,P208,P21",True,pixel-glyph-0.12.0-dev,failed,,False,False,,0.775,97.26,{},"{""P1"": [245, null], ""P17"": [146, null], ""P181"": [221, null], ""P207"": [141, null], ""P208"": [84, null], ""P21"": [483, null]}",图例文字、色号、数量或边界不可靠；未取得可靠逐色用量,not-performed,not-measured
spot100,P037,pattern,https://www.sxgrocery.com/pattern/1871,,P6,True,pixel-glyph-0.12.0-dev,partial,legend,False,False,1129,0.53,139.74,"{""B12"": 14, ""B15"": 36, ""B19"": 13, ""B22"": 9, ""B25"": 71, ""B27"": 10, ""B28"": 79, ""B32"": 9, ""B9"": 447, ""C1"": 11, ""C18"": 20, ""H7"": 370, ""M2"": 40}","{""P6"": [290, null]}",同一文字有不同读法，请核对原图；图例字段未可靠读清，未计入，未记为零；图例与本体计数待核对,not-performed,not-measured
spot100,P038,pattern,https://www.sxgrocery.com/pattern/1119,,"R14,R7",True,pixel-glyph-0.12.0-dev,partial,legend,False,False,665,0.367,116.49,"{""B10"": 41, ""B19"": 128, ""B7"": 1, ""C1"": 64, ""C12"": 80, ""C18"": 79, ""H7"": 272}","{""R14"": [144, null], ""R7"": [239, null]}",图例字段未可靠读清，未计入，未记为零；同一文字有不同读法，请核对原图；图例与本体计数待核对,not-performed,not-measured
spot100,P039,pattern,https://www.sxgrocery.com/pattern/1723,,"R1,R22",True,pixel-glyph-0.12.0-dev,partial,legend,False,False,711,0.48,126.64,"{""A23"": 61, ""F10"": 7, ""F14"": 42, ""F17"": 8, ""F3"": 22, ""F4"": 40, ""F6"": 31, ""F8"": 18, ""G13"": 195, ""G16"": 48, ""G7"": 239}","{""R1"": [15, null], ""R22"": [64, null]}",图例字段未可靠读清，未计入，未记为零；图例与本体计数待核对,not-performed,not-measured
spot100,P040,pattern,https://www.sxgrocery.com/pattern/770,,,True,pixel-glyph-0.12.0-dev,partial,legend,True,True,771,0.43,122.56,"{""A20"": 115, ""E1"": 188, ""E14"": 61, ""F25"": 77, ""F6"": 11, ""F8"": 32, ""H22"": 4, ""H6"": 14, ""H7"": 269}",{},图例与本体计数待核对,not-performed,not-measured
spot100,P041,pattern,https://www.sxgrocery.com/pattern/1455,,,True,pixel-glyph-0.12.0-dev,partial,legend,True,True,680,0.23,107.22,"{""H16"": 361, ""H9"": 319}",{},同一文字有不同读法，请核对原图；图例与本体计数待核对,not-performed,not-measured
spot100,P042,pattern,https://www.bitbead.app/en/library/19ce3fd6-b648-4a22-aae0-18936aa8cc19,,,True,pixel-glyph-0.12.0-dev,partial,grid,True,True,488,0.353,87.47,"{""A1"": 12, ""A11"": 16, ""A5"": 154, ""B17"": 5, ""G5"": 87, ""G6"": 22, ""G7"": 60, ""G8"": 42, ""H12"": 40, ""H2"": 25, ""H7"": 8, ""H9"": 17}",{},逐格候选已读取；外围是否截断尚未证明，未读清格不计为零；第 1 行有 26 格未读清或色号不在 MARD 221 内，未计入，请放大核对；第 2 行有 26 格未读清或色号不在 MARD 221 内，未计入，请放大核对；第 3 行有 20 格未读清或色号不在 MARD 221 内，未计入，请放大核对；第 4 行有 16 格未读清或色号不在 MARD 221 内，未计入，请放大核对；第 5 行有 14 格未读清或色号不在 MARD 221 内，未计入，请放大核对；第 6 行有 12 格未读清或色号不在 MARD 221 内，未计入，请放大核对；第 7 行有 12 格未读清或色号不在 MARD 221 内，未计入，请放大核对；第 8 行有 10 格未读清或色号不在 MARD 221 内，未计入，请放大核对；第 9 行有 11 格未读清或色号不在 MARD 221 内，未计入，请放大核对；第 10 行有 10 格未读清或色号不在 MARD 221 内，未计入，请放大核对；第 11 行有 10 格未读清或色号不在 MARD 221 内，未计入，请放大核对；第 12 行有 9 格未读清或色号不在 MARD 221 内，未计入，请放大核对；第 13 行有 8 格未读清或色号不在 MARD 221 内，未计入，请放大核对；第 14 行有 8 格未读清或色号不在 MARD 221 内，未计入，请放大核对；第 15 行有 8 格未读清或色号不在 MARD 221 内，未计入，请放大核对；第 16 行有 9 格未读清或色号不在 MARD 221 内，未计入，请放大核对；第 17 行有 10 格未读清或色号不在 MARD 221 内，未计入，请放大核对；第 18 行有 11 格未读清或色号不在 MARD 221 内，未计入，请放大核对；第 19 行有 10 格未读清或色号不在 MARD 221 内，未计入，请放大核对；第 20 行有 9 格未读清或色号不在 MARD 221 内，未计入，请放大核对；第 21 行有 8 格未读清或色号不在 MARD 221 内，未计入，请放大核对；第 22 行有 11 格未读清或色号不在 MARD 221 内，未计入，请放大核对；第 23 行有 9 格未读清或色号不在 MARD 221 内，未计入，请放大核对；第 24 行有 8 格未读清或色号不在 MAR,not-performed,not-measured
spot100,P043,pattern,https://www.sxgrocery.com/pattern/1631,,"P16,R1",True,pixel-glyph-0.12.0-dev,partial,legend,False,False,704,0.536,140.18,"{""A6"": 27, ""F10"": 72, ""F17"": 16, ""F4"": 76, ""G10"": 14, ""H19"": 166, ""H7"": 333}","{""P16"": [282, null], ""R1"": [73, null]}",图例字段未可靠读清，未计入，未记为零；图例与本体计数待核对,not-performed,not-measured
spot100,P044,pattern,https://www.sxgrocery.com/pattern/864,,"P12,R22",True,pixel-glyph-0.12.0-dev,partial,legend,False,False,376,0.353,115.99,"{""F11"": 16, ""F7"": 8, ""F8"": 16, ""G13"": 28, ""G7"": 62, ""H15"": 33, ""H7"": 79, ""M15"": 17, ""M4"": 117}","{""P12"": [27, null], ""R22"": [94, null]}",同一文字有不同读法，请核对原图；图例字段未可靠读清，未计入，未记为零；图例与本体计数待核对,not-performed,not-measured
spot100,P045,pattern,https://www.sxgrocery.com/pattern/718,,ZG3,True,pixel-glyph-0.12.0-dev,partial,legend,False,False,1339,1.319,159.46,"{""A23"": 156, ""C20"": 175, ""C29"": 89, ""D10"": 165, ""D7"": 5, ""E19"": 4, ""H13"": 183, ""H6"": 26, ""H7"": 468, ""M12"": 2, ""M6"": 12, ""M9"": 54}","{""ZG3"": [59, null]}",图例字段未可靠读清，未计入，未记为零；图例与本体计数待核对,not-performed,not-measured
spot100,P046,pattern,https://www.sxgrocery.com/pattern/1599,,R25,True,pixel-glyph-0.12.0-dev,partial,legend,False,False,1868,0.64,146.6,"{""A23"": 68, ""B22"": 5, ""B25"": 72, ""C18"": 17, ""C20"": 35, ""E1"": 13, ""E21"": 18, ""F20"": 112, ""G16"": 21, ""G17"": 209, ""G18"": 34, ""H11"": 20, ""H22"": 205, ""H6"": 123, ""H7"": 636, ""M14"": 11, ""M15"": 57, ""M3"": 50, ""M9"": 162}","{""R25"": [2, null]}",同一文字有不同读法，请核对原图；图例字段未可靠读清，未计入，未记为零；图例与本体计数待核对,not-performed,not-measured
spot100,P047,pattern,https://www.sxgrocery.com/pattern/610,,"P16,R23",True,pixel-glyph-0.12.0-dev,partial,legend,False,False,290,0.314,101.71,"{""A23"": 2, ""G1"": 49, ""G18"": 107, ""H7"": 132}","{""P16"": [22, null], ""R23"": [4, null]}",图例字段未可靠读清，未计入，未记为零；同一文字有不同读法，请核对原图；图例与本体计数待核对,not-performed,not-measured
spot100,P048,pattern,https://www.bitbead.app/en/library/01768195-659f-48b9-9e04-089be2bb1024,,,True,pixel-glyph-0.12.0-dev,partial,grid,True,True,224,0.441,76.57,"{""F5"": 55, ""F7"": 37, ""F8"": 42, ""H14"": 40, ""H17"": 3, ""H22"": 25, ""H5"": 14, ""H7"": 8}",{},逐格候选已读取；外围是否截断尚未证明，未读清格不计为零；第 1 行有 18 格未读清或色号不在 MARD 221 内，未计入，请放大核对；第 2 行有 11 格未读清或色号不在 MARD 221 内，未计入，请放大核对；第 3 行有 3 格未读清或色号不在 MARD 221 内，未计入，请放大核对；第 4 行有 3 格未读清或色号不在 MARD 221 内，未计入，请放大核对；第 5 行有 3 格未读清或色号不在 MARD 221 内，未计入，请放大核对；第 6 行有 3 格未读清或色号不在 MARD 221 内，未计入，请放大核对；第 7 行有 3 格未读清或色号不在 MARD 221 内，未计入，请放大核对；第 8 行有 3 格未读清或色号不在 MARD 221 内，未计入，请放大核对；第 9 行有 3 格未读清或色号不在 MARD 221 内，未计入，请放大核对；第 10 行有 3 格未读清或色号不在 MARD 221 内，未计入，请放大核对；第 11 行有 3 格未读清或色号不在 MARD 221 内，未计入，请放大核对；第 12 行有 3 格未读清或色号不在 MARD 221 内，未计入，请放大核对；第 13 行有 3 格未读清或色号不在 MARD 221 内，未计入，请放大核对；第 14 行有 3 格未读清或色号不在 MARD 221 内，未计入，请放大核对；第 15 行有 3 格未读清或色号不在 MARD 221 内，未计入，请放大核对；第 16 行有 3 格未读清或色号不在 MARD 221 内，未计入，请放大核对；第 17 行有 11 格未读清或色号不在 MARD 221 内，未计入，请放大核对；第 18 行有 18 格未读清或色号不在 MARD 221 内，未计入，请放大核对,not-performed,not-measured
spot100,P049,pattern,https://www.sxgrocery.com/pattern/1015,,"Q4,R13",True,pixel-glyph-0.12.0-dev,partial,legend,False,False,562,0.473,131.96,"{""E19"": 111, ""E2"": 56, ""E4"": 64, ""H3"": 25, ""H7"": 306}","{""Q4"": [74, null], ""R13"": [16, null]}",图例字段未可靠读清，未计入，未记为零；图例与本体计数待核对,not-performed,not-measured
spot100,P050,pattern,https://www.sxgrocery.com/pattern/594,,,True,pixel-glyph-0.12.0-dev,partial,legend,True,True,145,0.214,100.73,"{""F25"": 12, ""H11"": 6, ""H22"": 1, ""H7"": 126}",{},同一文字有不同读法，请核对原图；图例与本体计数待核对,not-performed,not-measured
spot100,P051,pattern,https://www.sxgrocery.com/pattern/1267,,"P16,P5,R1,R22,R5",True,pixel-glyph-0.12.0-dev,partial,legend,False,False,829,0.59,134.95,"{""A10"": 69, ""A13"": 36, ""A14"": 101, ""A17"": 16, ""A2"": 14, ""A22"": 13, ""A26"": 41, ""A6"": 10, ""A8"": 22, ""B11"": 39, ""B15"": 36, ""B16"": 67, ""B17"": 52, ""B27"": 29, ""B32"": 57, ""B8"": 67, ""B9"": 10, ""F11"": 7, ""F3"": 15, ""F4"": 32, ""F6"": 25, ""G11"": 45, ""G5"": 15, ""G7"": 11}","{""P16"": [25, null], ""P5"": [27, null], ""R1"": [63, null], ""R22"": [1, null], ""R5"": [19, null]}",图例字段未可靠读清，未计入，未记为零；图例与本体计数待核对,not-performed,not-measured
spot100,P052,pattern,https://www.sxgrocery.com/pattern/1767,,,True,pixel-glyph-0.12.0-dev,partial,legend,True,True,2704,0.535,148.36,"{""E1"": 18, ""F17"": 40, ""F20"": 55, ""F9"": 13, ""H8"": 2390, ""M12"": 188}",{},图例与本体计数待核对,not-performed,not-measured
spot100,P053,pattern,https://www.sxgrocery.com/pattern/549,,,True,pixel-glyph-0.12.0-dev,partial,legend,True,True,552,0.484,136.71,"{""C18"": 6, ""C20"": 4, ""C29"": 12, ""E1"": 15, ""G1"": 6, ""G18"": 57, ""H4"": 21, ""H6"": 287, ""H7"": 143, ""M15"": 1}",{},同一文字有不同读法，请核对原图；图例与本体计数待核对,not-performed,not-measured
spot100,P054,pattern,https://www.sxgrocery.com/pattern/1263,,"R1,R22,R5",True,pixel-glyph-0.12.0-dev,partial,legend,False,False,1193,0.674,144.46,"{""A16"": 69, ""A2"": 71, ""B11"": 30, ""B13"": 94, ""B15"": 67, ""B17"": 70, ""B25"": 16, ""B27"": 44, ""B29"": 114, ""B32"": 77, ""B8"": 63, ""B9"": 13, ""E15"": 76, ""E19"": 68, ""E2"": 22, ""E4"": 22, ""F2"": 2, ""F21"": 55, ""F24"": 48, ""F3"": 13, ""F9"": 23, ""G12"": 7, ""G15"": 69, ""G7"": 21, ""G9"": 12, ""M2"": 27}","{""R1"": [24, null], ""R22"": [17, null], ""R5"": [21, null]}",图例字段未可靠读清，未计入，未记为零；图例与本体计数待核对,not-performed,not-measured
spot100,P055,pattern,https://www.sxgrocery.com/pattern/1639,,"P16,P2,P9,R1",True,pixel-glyph-0.12.0-dev,partial,legend,False,False,1173,0.94,181.45,"{""A8"": 2, ""B26"": 1, ""F10"": 1, ""F3"": 114, ""F4"": 43, ""F6"": 631, ""F8"": 23, ""G10"": 8, ""G20"": 9, ""G4"": 1, ""G5"": 2, ""H11"": 2, ""H20"": 62, ""H3"": 1, ""H7"": 270, ""M8"": 3}","{""P16"": [7, null], ""P2"": [5, null], ""P9"": [2, null], ""R1"": [1667, null]}",图例字段未可靠读清，未计入，未记为零；图例与本体计数待核对,not-performed,not-measured
spot100,P056,pattern,https://www.sxgrocery.com/pattern/1527,,"P16,R1",True,pixel-glyph-0.12.0-dev,partial,legend,False,False,1269,0.388,128.37,"{""C1"": 573, ""G18"": 84, ""G6"": 6, ""H10"": 161, ""H16"": 445}","{""P16"": [29, null], ""R1"": [383, null]}",图例字段未可靠读清，未计入，未记为零；同一文字有不同读法，请核对原图；图例与本体计数待核对,not-performed,not-measured
spot100,P057,pattern,https://www.bitbead.app/en/library/125a57d0-1abc-43c7-bc05-f7c7d330d910,,,True,pixel-glyph-0.12.0-dev,partial,grid,True,True,2304,0.624,119.08,"{""A14"": 19, ""A20"": 421, ""A8"": 21, ""F10"": 2, ""F13"": 11, ""G10"": 126, ""G5"": 40, ""G7"": 8, ""H2"": 1656}",{},逐格候选已读取；外围是否截断尚未证明，未读清格不计为零；第 1 行有 54 格未读清或色号不在 MARD 221 内，未计入，请放大核对；第 2 行有 54 格未读清或色号不在 MARD 221 内，未计入，请放大核对；第 3 行有 54 格未读清或色号不在 MARD 221 内，未计入，请放大核对；第 4 行有 6 格未读清或色号不在 MARD 221 内，未计入，请放大核对；第 5 行有 6 格未读清或色号不在 MARD 221 内，未计入，请放大核对；第 6 行有 6 格未读清或色号不在 MARD 221 内，未计入，请放大核对；第 7 行有 6 格未读清或色号不在 MARD 221 内，未计入，请放大核对；第 8 行有 6 格未读清或色号不在 MARD 221 内，未计入，请放大核对；第 9 行有 6 格未读清或色号不在 MARD 221 内，未计入，请放大核对；第 10 行有 6 格未读清或色号不在 MARD 221 内，未计入，请放大核对；第 11 行有 6 格未读清或色号不在 MARD 221 内，未计入，请放大核对；第 12 行有 6 格未读清或色号不在 MARD 221 内，未计入，请放大核对；第 13 行有 6 格未读清或色号不在 MARD 221 内，未计入，请放大核对；第 14 行有 6 格未读清或色号不在 MARD 221 内，未计入，请放大核对；第 15 行有 6 格未读清或色号不在 MARD 221 内，未计入，请放大核对；第 16 行有 6 格未读清或色号不在 MARD 221 内，未计入，请放大核对；第 17 行有 6 格未读清或色号不在 MARD 221 内，未计入，请放大核对；第 18 行有 6 格未读清或色号不在 MARD 221 内，未计入，请放大核对；第 19 行有 6 格未读清或色号不在 MARD 221 内，未计入，请放大核对；第 20 行有 6 格未读清或色号不在 MARD 221 内，未计入，请放大核对；第 21 行有 6 格未读清或色号不在 MARD 221 内，未计入，请放大核对；第 22 行有 6 格未读清或色号不在 MARD 221 内，未计入，请放大核对；第 23 行有 6 格未读清或色号不在 MARD 221 内，未计入，请放大核对；第 24 行有 6 格未读清或色号不在 MARD 221 内，未计入，,not-performed,not-measured
spot100,P058,pattern,https://www.sxgrocery.com/pattern/945,,"P18,R1,R22,R8",True,pixel-glyph-0.12.0-dev,partial,legend,False,False,1541,0.742,159.34,"{""A10"": 62, ""A12"": 21, ""A14"": 87, ""A23"": 71, ""A9"": 4, ""B17"": 6, ""B29"": 2, ""C13"": 43, ""C20"": 110, ""C29"": 197, ""C6"": 23, ""C7"": 28, ""C8"": 7, ""F11"": 125, ""F13"": 63, ""F18"": 15, ""F22"": 36, ""F3"": 60, ""F4"": 57, ""F6"": 225, ""H15"": 101, ""H7"": 198}","{""P18"": [16, null], ""R1"": [100, null], ""R22"": [113, null], ""R8"": [28, null]}",图例字段未可靠读清，未计入，未记为零；图例与本体计数待核对,not-performed,not-measured
spot100,P059,pattern,https://www.sxgrocery.com/pattern/1149,,"R14,R7",True,pixel-glyph-0.12.0-dev,partial,legend,False,False,689,0.361,117.96,"{""B10"": 33, ""B19"": 104, ""B7"": 4, ""C1"": 64, ""C12"": 93, ""C18"": 82, ""H7"": 309}","{""R14"": [135, null], ""R7"": [224, null]}",图例字段未可靠读清，未计入，未记为零；同一文字有不同读法，请核对原图；图例与本体计数待核对,not-performed,not-measured
spot100,P060,pattern,https://www.sxgrocery.com/pattern/1275,,"P5,R16",True,pixel-glyph-0.12.0-dev,partial,legend,False,False,1698,0.616,144.51,"{""A12"": 1, ""A18"": 47, ""A23"": 263, ""A6"": 246, ""A9"": 9, ""B21"": 183, ""C15"": 51, ""C22"": 34, ""F11"": 5, ""F19"": 320, ""G12"": 9, ""G16"": 183, ""G6"": 19, ""G7"": 2, ""G9"": 26, ""H3"": 2, ""H4"": 7, ""H6"": 24, ""H7"": 241, ""M2"": 26}","{""P5"": [25, null], ""R16"": [13, null]}",同一文字有不同读法，请核对原图；图例字段未可靠读清，未计入，未记为零；图例与本体计数待核对,not-performed,not-measured
spot100,P061,pattern,https://www.sxgrocery.com/pattern/936,,"P16,P5,R7",True,pixel-glyph-0.12.0-dev,partial,legend,False,False,594,0.437,115.59,"{""A1"": 89, ""A17"": 8, ""A20"": 33, ""B11"": 26, ""B32"": 44, ""C20"": 91, ""C22"": 58, ""C26"": 14, ""C29"": 20, ""G11"": 17, ""G12"": 22, ""G9"": 31, ""H14"": 29, ""H15"": 30, ""H18"": 82}","{""P16"": [70, null], ""P5"": [43, null], ""R7"": [18, null]}",图例字段未可靠读清，未计入，未记为零；图例与本体计数待核对,not-performed,not-measured
spot100,P062,pattern,https://www.sxgrocery.com/pattern/852,,"P9,R1,R24",True,pixel-glyph-0.12.0-dev,partial,legend,False,False,2818,0.586,149.95,"{""C1"": 1605, ""C12"": 6, ""C6"": 18, ""E1"": 144, ""F20"": 3, ""F6"": 329, ""F8"": 395, ""G10"": 166, ""H7"": 152}","{""P9"": [38, null], ""R1"": [168, null], ""R24"": [1, null]}",图例字段未可靠读清，未计入，未记为零；图例与本体计数待核对,not-performed,not-measured
spot100,P063,pattern,https://www.sxgrocery.com/pattern/558,,R22,True,pixel-glyph-0.12.0-dev,partial,legend,False,False,681,0.557,133.61,"{""E1"": 18, ""E18"": 31, ""E4"": 13, ""E7"": 4, ""F10"": 5, ""F11"": 62, ""F13"": 48, ""F19"": 1, ""G1"": 19, ""G18"": 192, ""H7"": 285, ""M12"": 3}","{""R22"": [61, null]}",同一文字有不同读法，请核对原图；图例字段未可靠读清，未计入，未记为零；图例与本体计数待核对,not-performed,not-measured
spot100,P064,pattern,https://www.sxgrocery.com/pattern/818,,,True,pixel-glyph-0.12.0-dev,partial,legend,True,True,1514,0.553,148.88,"{""E1"": 16, ""E11"": 85, ""E21"": 7, ""F7"": 80, ""F8"": 49, ""F9"": 18, ""H22"": 656, ""H3"": 304, ""H7"": 299}",{},图例与本体计数待核对,not-performed,not-measured
spot100,P065,pattern,https://www.sxgrocery.com/pattern/650,,,True,pixel-glyph-0.12.0-dev,partial,legend,True,True,103,0.224,101.85,"{""A16"": 6, ""F6"": 4, ""H16"": 3, ""H6"": 1, ""H7"": 89}",{},同一文字有不同读法，请核对原图；图例与本体计数待核对,not-performed,not-measured
spot100,P066,pattern,https://www.sxgrocery.com/pattern/1027,,,True,pixel-glyph-0.12.0-dev,partial,legend,True,True,205,0.26,111.79,"{""E15"": 22, ""F19"": 16, ""H6"": 167}",{},图例与本体计数待核对,not-performed,not-measured
spot100,P067,pattern,https://www.bitbead.app/en/library/f68bfebf-1f22-4032-9997-3f72a7fa636b,,,True,pixel-glyph-0.12.0-dev,partial,grid,True,True,2766,1.322,149.75,"{""A11"": 177, ""A23"": 69, ""E11"": 60, ""E16"": 119, ""G11"": 185, ""G16"": 211, ""H11"": 75, ""H12"": 43, ""H13"": 413, ""H17"": 76, ""H19"": 109, ""H2"": 60, ""H4"": 284, ""H5"": 130, ""H9"": 210, ""M15"": 94, ""M4"": 154, ""M6"": 106, ""M7"": 136, ""M9"": 55}",{},逐格候选已读取；外围是否截断尚未证明，未读清格不计为零；第 1 行有 64 格未读清或色号不在 MARD 221 内，未计入，请放大核对；第 2 行有 64 格未读清或色号不在 MARD 221 内，未计入，请放大核对；第 3 行有 64 格未读清或色号不在 MARD 221 内，未计入，请放大核对；第 4 行有 59 格未读清或色号不在 MARD 221 内，未计入，请放大核对；第 5 行有 53 格未读清或色号不在 MARD 221 内，未计入，请放大核对；第 6 行有 52 格未读清或色号不在 MARD 221 内，未计入，请放大核对；第 7 行有 49 格未读清或色号不在 MARD 221 内，未计入，请放大核对；第 8 行有 38 格未读清或色号不在 MARD 221 内，未计入，请放大核对；第 9 行有 24 格未读清或色号不在 MARD 221 内，未计入，请放大核对；第 10 行有 15 格未读清或色号不在 MARD 221 内，未计入，请放大核对；第 11 行有 13 格未读清或色号不在 MARD 221 内，未计入，请放大核对；第 12 行有 13 格未读清或色号不在 MARD 221 内，未计入，请放大核对；第 13 行有 13 格未读清或色号不在 MARD 221 内，未计入，请放大核对；第 14 行有 13 格未读清或色号不在 MARD 221 内，未计入，请放大核对；第 15 行有 13 格未读清或色号不在 MARD 221 内，未计入，请放大核对；第 16 行有 14 格未读清或色号不在 MARD 221 内，未计入，请放大核对；第 17 行有 14 格未读清或色号不在 MARD 221 内，未计入，请放大核对；第 18 行有 15 格未读清或色号不在 MARD 221 内，未计入，请放大核对；第 19 行有 16 格未读清或色号不在 MARD 221 内，未计入，请放大核对；第 20 行有 13 格未读清或色号不在 MARD 221 内，未计入，请放大核对；第 21 行有 9 格未读清或色号不在 MARD 221 内，未计入，请放大核对；第 22 行有 8 格未读清或色号不在 MARD 221 内，未计入，请放大核对；第 23 行有 8 格未读清或色号不在 MARD 221 内，未计入，请放大核对；第 24 行有 10 格未读清或色号,not-performed,not-measured
spot100,P068,pattern,https://www.sxgrocery.com/pattern/1007,,,True,pixel-glyph-0.12.0-dev,partial,legend,True,True,217,0.271,106.16,"{""A19"": 44, ""B19"": 12, ""E15"": 24, ""G10"": 3, ""H7"": 134}",{},同一文字有不同读法，请核对原图；图例与本体计数待核对,not-performed,not-measured
spot100,P069,pattern,https://www.sxgrocery.com/pattern/1471,,"P2,P23,R13,R20,R22,R25,ZG2",True,pixel-glyph-0.12.0-dev,partial,legend,False,False,3905,1.103,164.67,"{""A1"": 39, ""A11"": 2, ""A14"": 18, ""A2"": 11, ""A23"": 1, ""A25"": 4, ""A26"": 13, ""B15"": 125, ""B21"": 1, ""B22"": 126, ""B25"": 80, ""B26"": 30, ""B9"": 136, ""C12"": 12, ""C18"": 84, ""C20"": 18, ""D10"": 23, ""E23"": 1, ""F10"": 28, ""F11"": 6, ""F20"": 2, ""F25"": 6, ""F6"": 27, ""F7"": 4, ""G10"": 10, ""G11"": 21, ""G12"": 120, ""G14"": 20, ""G15"": 21, ""G17"": 10, ""G3"": 2, ""G4"": 30, ""G8"": 3, ""G9"": 6, ""H10"": 2, ""H13"": 790, ""H14"": 2, ""H16"": 1, ""H20"": 53, ""H23"": 16, ""H3"": 16, ""H4"": 445, ""H5"": 2, ""H6"": 45, ""H7"": 488, ""M1"": 14, ""M12"": 279, ""M14"": 5, ""M15"": 410, ""M2"": 75, ""M3"": 10, ""M5"": 144, ""M6"": 11, ""M7"": 4, ""M9"": 53}","{""P2"": [8, null], ""P23"": [1, null], ""R13"": [38, null], ""R20"": [4, null], ""R22"": [2, null], ""R25"": [1, null], ""ZG2"": [1, null]}",图例字段未可靠读清，未计入，未记为零；图例与本体计数待核对,not-performed,not-measured
spot100,P070,pattern,https://www.sxgrocery.com/pattern/1327,,"P12,P18,P22,R22",True,pixel-glyph-0.12.0-dev,partial,legend,False,False,1588,0.859,158.02,"{""A12"": 3, ""A23"": 217, ""A8"": 74, ""C12"": 158, ""C18"": 27, ""C20"": 107, ""C7"": 61, ""F10"": 22, ""F11"": 21, ""F6"": 20, ""G3"": 3, ""G4"": 6, ""H11"": 245, ""H13"": 16, ""H14"": 7, ""H15"": 84, ""H18"": 118, ""H19"": 43, ""H20"": 126, ""H3"": 64, ""H4"": 15, ""H7"": 98, ""M11"": 19, ""M3"": 34}","{""P12"": [42, null], ""P18"": [68, null], ""P22"": [73, null], ""R22"": [5, null]}",图例字段未可靠读清，未计入，未记为零；图例与本体计数待核对,not-performed,not-measured
spot100,P071,pattern,https://www.sxgrocery.com/pattern/995,,"P16,P2,P9,Q3,R13,R23,R5,R8,ZG3,ZG8",True,pixel-glyph-0.12.0-dev,partial,legend,False,False,1423,0.956,166.75,"{""A1"": 64, ""A13"": 4, ""A26"": 1, ""A6"": 4, ""B11"": 7, ""B15"": 5, ""B17"": 3, ""B23"": 1, ""B26"": 33, ""B32"": 1, ""B8"": 7, ""C20"": 5, ""C26"": 1, ""C29"": 51, ""D11"": 1, ""E6"": 8, ""E7"": 4, ""F10"": 6, ""F13"": 39, ""F6"": 29, ""G1"": 46, ""G15"": 545, ""G20"": 2, ""G5"": 1, ""H16"": 3, ""H20"": 54, ""H23"": 5, ""H3"": 2, ""H4"": 89, ""H6"": 5, ""H7"": 372, ""H9"": 2, ""M1"": 3, ""M15"": 13, ""M7"": 7}","{""P16"": [14, null], ""P2"": [2, null], ""P9"": [1, null], ""Q3"": [3, null], ""R13"": [8, null], ""R23"": [1, null], ""R5"": [12, null], ""R8"": [4, null], ""ZG3"": [37, null], ""ZG8"": [2, null]}",图例字段未可靠读清，未计入，未记为零；图例与本体计数待核对,not-performed,not-measured
spot100,P072,pattern,https://www.bitbead.app/en/library/13be92bc-eb17-50bd-a8c0-2f42e3fb25a2,,,True,pixel-glyph-0.12.0-dev,partial,grid,True,True,1290,0.313,96.3,"{""A19"": 2, ""C24"": 207, ""G12"": 217, ""H17"": 250, ""H2"": 205, ""H7"": 369, ""M15"": 40}",{},逐格候选已读取；外围是否截断尚未证明，未读清格不计为零；第 1 行有 44 格未读清或色号不在 MARD 221 内，未计入，请放大核对；第 2 行有 6 格未读清或色号不在 MARD 221 内，未计入，请放大核对；第 3 行有 4 格未读清或色号不在 MARD 221 内，未计入，请放大核对；第 4 行有 2 格未读清或色号不在 MARD 221 内，未计入，请放大核对；第 5 行有 2 格未读清或色号不在 MARD 221 内，未计入，请放大核对；第 6 行有 2 格未读清或色号不在 MARD 221 内，未计入，请放大核对；第 7 行有 2 格未读清或色号不在 MARD 221 内，未计入，请放大核对；第 8 行有 2 格未读清或色号不在 MARD 221 内，未计入，请放大核对；第 9 行有 2 格未读清或色号不在 MARD 221 内，未计入，请放大核对；第 10 行有 2 格未读清或色号不在 MARD 221 内，未计入，请放大核对；第 11 行有 2 格未读清或色号不在 MARD 221 内，未计入，请放大核对；第 12 行有 2 格未读清或色号不在 MARD 221 内，未计入，请放大核对；第 13 行有 2 格未读清或色号不在 MARD 221 内，未计入，请放大核对；第 14 行有 2 格未读清或色号不在 MARD 221 内，未计入，请放大核对；第 15 行有 2 格未读清或色号不在 MARD 221 内，未计入，请放大核对；第 16 行有 2 格未读清或色号不在 MARD 221 内，未计入，请放大核对；第 17 行有 2 格未读清或色号不在 MARD 221 内，未计入，请放大核对；第 18 行有 2 格未读清或色号不在 MARD 221 内，未计入，请放大核对；第 19 行有 2 格未读清或色号不在 MARD 221 内，未计入，请放大核对；第 20 行有 2 格未读清或色号不在 MARD 221 内，未计入，请放大核对；第 21 行有 2 格未读清或色号不在 MARD 221 内，未计入，请放大核对；第 22 行有 2 格未读清或色号不在 MARD 221 内，未计入，请放大核对；第 23 行有 2 格未读清或色号不在 MARD 221 内，未计入，请放大核对；第 24 行有 2 格未读清或色号不在 MARD 221 内，未计入，请放,not-performed,not-measured
spot100,P073,pattern,https://www.sxgrocery.com/pattern/618,,P12,True,pixel-glyph-0.12.0-dev,partial,legend,False,False,230,0.27,103.08,"{""A1"": 4, ""E11"": 1, ""F25"": 1, ""G11"": 75, ""G15"": 1, ""H11"": 1, ""H16"": 3, ""H3"": 1, ""H6"": 2, ""H7"": 140, ""M5"": 1}","{""P12"": [12, null]}",图例字段未可靠读清，未计入，未记为零；同一文字有不同读法，请核对原图；图例与本体计数待核对,not-performed,not-measured
spot100,P074,pattern,https://www.sxgrocery.com/pattern/904,,"P5,R22,R23",True,pixel-glyph-0.12.0-dev,partial,legend,False,False,1042,0.722,152.59,"{""A10"": 32, ""B11"": 19, ""B29"": 13, ""F13"": 363, ""F18"": 43, ""F6"": 506, ""M7"": 66}","{""P5"": [12, null], ""R22"": [256, null], ""R23"": [137, null]}",同一文字有不同读法，请核对原图；图例字段未可靠读清，未计入，未记为零；图例与本体计数待核对,not-performed,not-measured
spot100,P075,pattern,https://www.sxgrocery.com/pattern/1563,,P5,True,pixel-glyph-0.12.0-dev,partial,legend,False,False,566,0.42,127.93,"{""A10"": 36, ""A13"": 10, ""A14"": 139, ""A6"": 9, ""B23"": 11, ""F13"": 25, ""G14"": 26, ""H7"": 310}","{""P5"": [483, null]}",图例字段未可靠读清，未计入，未记为零；同一文字有不同读法，请核对原图；图例与本体计数待核对,not-performed,not-measured
spot100,P076,pattern,https://www.bitbead.app/en/library/00000000-0000-4000-8000-000000000024,,,True,pixel-glyph-0.12.0-dev,partial,grid,True,True,24,0.054,76.96,"{""A4"": 19, ""A7"": 4, ""H7"": 1}",{},逐格候选已读取；外围是否截断尚未证明，未读清格不计为零；第 1 行有 8 格未读清或色号不在 MARD 221 内，未计入，请放大核对；第 2 行有 5 格未读清或色号不在 MARD 221 内，未计入，请放大核对；第 3 行有 3 格未读清或色号不在 MARD 221 内，未计入，请放大核对；第 4 行有 2 格未读清或色号不在 MARD 221 内，未计入，请放大核对；第 5 行有 3 格未读清或色号不在 MARD 221 内，未计入，请放大核对；第 6 行有 5 格未读清或色号不在 MARD 221 内，未计入，请放大核对；第 7 行有 6 格未读清或色号不在 MARD 221 内，未计入，请放大核对；第 8 行有 8 格未读清或色号不在 MARD 221 内，未计入，请放大核对,not-performed,not-measured
spot100,P077,pattern,https://www.sxgrocery.com/pattern/762,,P22,True,pixel-glyph-0.12.0-dev,partial,legend,False,False,1326,0.511,140.49,"{""E18"": 344, ""E22"": 1, ""E3"": 138, ""E4"": 37, ""E7"": 10, ""F7"": 63, ""H22"": 170, ""H7"": 482, ""M2"": 17, ""M9"": 64}","{""P22"": [1, null]}",图例字段未可靠读清，未计入，未记为零；图例与本体计数待核对,not-performed,not-measured
spot100,P078,pattern,https://www.bitbead.app/en/library/f15da121-a497-4ffb-b0a7-08b2433c73bd,,,True,pixel-glyph-0.12.0-dev,partial,grid,True,True,1036,0.348,103.7,"{""A16"": 166, ""A4"": 38, ""H2"": 597, ""H7"": 235}",{},逐格候选已读取；外围是否截断尚未证明，未读清格不计为零；第 1 行有 57 格未读清或色号不在 MARD 221 内，未计入，请放大核对；第 2 行有 57 格未读清或色号不在 MARD 221 内，未计入，请放大核对；第 3 行有 57 格未读清或色号不在 MARD 221 内，未计入，请放大核对；第 4 行有 46 格未读清或色号不在 MARD 221 内，未计入，请放大核对；第 5 行有 42 格未读清或色号不在 MARD 221 内，未计入，请放大核对；第 6 行有 39 格未读清或色号不在 MARD 221 内，未计入，请放大核对；第 7 行有 37 格未读清或色号不在 MARD 221 内，未计入，请放大核对；第 8 行有 31 格未读清或色号不在 MARD 221 内，未计入，请放大核对；第 9 行有 28 格未读清或色号不在 MARD 221 内，未计入，请放大核对；第 10 行有 23 格未读清或色号不在 MARD 221 内，未计入，请放大核对；第 11 行有 20 格未读清或色号不在 MARD 221 内，未计入，请放大核对；第 12 行有 19 格未读清或色号不在 MARD 221 内，未计入，请放大核对；第 13 行有 16 格未读清或色号不在 MARD 221 内，未计入，请放大核对；第 14 行有 16 格未读清或色号不在 MARD 221 内，未计入，请放大核对；第 15 行有 15 格未读清或色号不在 MARD 221 内，未计入，请放大核对；第 16 行有 14 格未读清或色号不在 MARD 221 内，未计入，请放大核对；第 17 行有 14 格未读清或色号不在 MARD 221 内，未计入，请放大核对；第 18 行有 12 格未读清或色号不在 MARD 221 内，未计入，请放大核对；第 19 行有 11 格未读清或色号不在 MARD 221 内，未计入，请放大核对；第 20 行有 11 格未读清或色号不在 MARD 221 内，未计入，请放大核对；第 21 行有 14 格未读清或色号不在 MARD 221 内，未计入，请放大核对；第 22 行有 15 格未读清或色号不在 MARD 221 内，未计入，请放大核对；第 23 行有 16 格未读清或色号不在 MARD 221 内，未计入，请放大核对；第 24 行有 16 格未读清,not-performed,not-measured
spot100,P079,pattern,https://www.sxgrocery.com/pattern/1667,,R14,True,pixel-glyph-0.12.0-dev,partial,legend,False,False,1037,0.395,123.48,"{""B10"": 37, ""B19"": 85, ""B7"": 3, ""D10"": 204, ""D6"": 106, ""D7"": 191, ""H7"": 411}","{""R14"": [123, null]}",图例字段未可靠读清，未计入，未记为零；图例与本体计数待核对,not-performed,not-measured
spot100,P080,pattern,https://www.sxgrocery.com/pattern/1063,,"R1,R25",True,pixel-glyph-0.12.0-dev,partial,legend,False,False,821,0.55,144.52,"{""A14"": 9, ""E1"": 31, ""E14"": 86, ""F1"": 128, ""F17"": 107, ""F19"": 9, ""F2"": 83, ""F23"": 38, ""F25"": 66, ""F4"": 66, ""F6"": 167, ""H7"": 6, ""M14"": 25}","{""R1"": [66, null], ""R25"": [2, null]}",图例字段未可靠读清，未计入，未记为零；图例与本体计数待核对,not-performed,not-measured
spot100,P081,pattern,https://www.sxgrocery.com/pattern/662,,"P22,R13",True,pixel-glyph-0.12.0-dev,partial,legend,False,False,1262,0.572,150.19,"{""A20"": 211, ""F20"": 3, ""G1"": 64, ""G10"": 14, ""G17"": 672, ""G3"": 69, ""G4"": 168, ""H19"": 7, ""M15"": 30, ""M4"": 24}","{""P22"": [27, null], ""R13"": [81, null]}",图例字段未可靠读清，未计入，未记为零；图例与本体计数待核对,not-performed,not-measured
spot100,P082,pattern,https://www.sxgrocery.com/pattern/666,,"P22,R5",True,pixel-glyph-0.12.0-dev,partial,legend,False,False,1076,0.683,146.42,"{""A11"": 2, ""A21"": 2, ""A25"": 3, ""B11"": 10, ""B26"": 15, ""E1"": 76, ""E19"": 236, ""E2"": 57, ""E4"": 74, ""F17"": 38, ""F21"": 12, ""F25"": 10, ""G21"": 10, ""H22"": 56, ""H7"": 471, ""M15"": 4}","{""P22"": [30, null], ""R5"": [10, null]}",图例字段未可靠读清，未计入，未记为零；图例与本体计数待核对,not-performed,not-measured
spot100,P083,pattern,https://www.sxgrocery.com/pattern/912,,"R22,R23",True,pixel-glyph-0.12.0-dev,partial,legend,False,False,1391,0.592,162.0,"{""B26"": 10, ""F10"": 25, ""F11"": 12, ""F6"": 258, ""G10"": 80, ""G12"": 67, ""G13"": 83, ""G7"": 72, ""G9"": 31, ""H18"": 601, ""H21"": 36, ""H8"": 116}","{""R22"": [364, null], ""R23"": [92, null]}",图例字段未可靠读清，未计入，未记为零；图例与本体计数待核对,not-performed,not-measured
spot100,P084,pattern,https://www.bitbead.app/en/library/d06e73c1-6355-4dc0-a984-2b9b14e3b7db,,,True,pixel-glyph-0.12.0-dev,partial,grid,True,True,1774,0.792,123.34,"{""H11"": 45, ""H14"": 817, ""H17"": 53, ""H19"": 108, ""H23"": 128, ""H3"": 21, ""H4"": 58, ""H5"": 205, ""H9"": 92, ""M1"": 29, ""M15"": 97, ""M7"": 121}",{},逐格候选已读取；外围是否截断尚未证明，未读清格不计为零；第 1 行有 62 格未读清或色号不在 MARD 221 内，未计入，请放大核对；第 2 行有 62 格未读清或色号不在 MARD 221 内，未计入，请放大核对；第 3 行有 62 格未读清或色号不在 MARD 221 内，未计入，请放大核对；第 4 行有 59 格未读清或色号不在 MARD 221 内，未计入，请放大核对；第 5 行有 55 格未读清或色号不在 MARD 221 内，未计入，请放大核对；第 6 行有 53 格未读清或色号不在 MARD 221 内，未计入，请放大核对；第 7 行有 47 格未读清或色号不在 MARD 221 内，未计入，请放大核对；第 8 行有 41 格未读清或色号不在 MARD 221 内，未计入，请放大核对；第 9 行有 37 格未读清或色号不在 MARD 221 内，未计入，请放大核对；第 10 行有 35 格未读清或色号不在 MARD 221 内，未计入，请放大核对；第 11 行有 31 格未读清或色号不在 MARD 221 内，未计入，请放大核对；第 12 行有 27 格未读清或色号不在 MARD 221 内，未计入，请放大核对；第 13 行有 25 格未读清或色号不在 MARD 221 内，未计入，请放大核对；第 14 行有 24 格未读清或色号不在 MARD 221 内，未计入，请放大核对；第 15 行有 23 格未读清或色号不在 MARD 221 内，未计入，请放大核对；第 16 行有 22 格未读清或色号不在 MARD 221 内，未计入，请放大核对；第 17 行有 20 格未读清或色号不在 MARD 221 内，未计入，请放大核对；第 18 行有 22 格未读清或色号不在 MARD 221 内，未计入，请放大核对；第 19 行有 20 格未读清或色号不在 MARD 221 内，未计入，请放大核对；第 20 行有 20 格未读清或色号不在 MARD 221 内，未计入，请放大核对；第 21 行有 20 格未读清或色号不在 MARD 221 内，未计入，请放大核对；第 22 行有 20 格未读清或色号不在 MARD 221 内，未计入，请放大核对；第 23 行有 19 格未读清或色号不在 MARD 221 内，未计入，请放大核对；第 24 行有 20 格未读清,not-performed,not-measured
spot100,P085,pattern,https://www.bitbead.app/en/library/52429fa5-ca98-4437-a6b7-aee9a8ec1d89,,,True,pixel-glyph-0.12.0-dev,partial,grid,True,True,1808,0.334,110.16,"{""D3"": 1383, ""H2"": 425}",{},逐格候选已读取；外围是否截断尚未证明，未读清格不计为零；第 1 行有 58 格未读清或色号不在 MARD 221 内，未计入，请放大核对；第 2 行有 58 格未读清或色号不在 MARD 221 内，未计入，请放大核对；第 3 行有 58 格未读清或色号不在 MARD 221 内，未计入，请放大核对；第 4 行有 6 格未读清或色号不在 MARD 221 内，未计入，请放大核对；第 5 行有 6 格未读清或色号不在 MARD 221 内，未计入，请放大核对；第 6 行有 6 格未读清或色号不在 MARD 221 内，未计入，请放大核对；第 7 行有 6 格未读清或色号不在 MARD 221 内，未计入，请放大核对；第 8 行有 6 格未读清或色号不在 MARD 221 内，未计入，请放大核对；第 9 行有 6 格未读清或色号不在 MARD 221 内，未计入，请放大核对；第 10 行有 6 格未读清或色号不在 MARD 221 内，未计入，请放大核对；第 11 行有 6 格未读清或色号不在 MARD 221 内，未计入，请放大核对；第 12 行有 6 格未读清或色号不在 MARD 221 内，未计入，请放大核对；第 13 行有 6 格未读清或色号不在 MARD 221 内，未计入，请放大核对；第 14 行有 6 格未读清或色号不在 MARD 221 内，未计入，请放大核对；第 15 行有 6 格未读清或色号不在 MARD 221 内，未计入，请放大核对；第 16 行有 6 格未读清或色号不在 MARD 221 内，未计入，请放大核对；第 17 行有 6 格未读清或色号不在 MARD 221 内，未计入，请放大核对；第 18 行有 8 格未读清或色号不在 MARD 221 内，未计入，请放大核对；第 19 行有 8 格未读清或色号不在 MARD 221 内，未计入，请放大核对；第 20 行有 8 格未读清或色号不在 MARD 221 内，未计入，请放大核对；第 21 行有 8 格未读清或色号不在 MARD 221 内，未计入，请放大核对；第 22 行有 8 格未读清或色号不在 MARD 221 内，未计入，请放大核对；第 23 行有 8 格未读清或色号不在 MARD 221 内，未计入，请放大核对；第 24 行有 6 格未读清或色号不在 MARD 221 内，未计入，,not-performed,not-measured
spot100,P086,pattern,https://www.sxgrocery.com/pattern/1311,,"P16,P18,R1,R22",True,pixel-glyph-0.12.0-dev,partial,legend,False,False,1089,0.79,149.43,"{""A1"": 60, ""A10"": 71, ""A13"": 2, ""A14"": 16, ""A20"": 15, ""A21"": 11, ""A22"": 76, ""A25"": 1, ""A26"": 53, ""A6"": 28, ""B15"": 42, ""B32"": 2, ""D19"": 57, ""F10"": 20, ""F11"": 34, ""F13"": 27, ""F20"": 1, ""F23"": 7, ""F3"": 6, ""F4"": 25, ""F6"": 98, ""F8"": 6, ""G12"": 6, ""G15"": 224, ""G20"": 1, ""G6"": 11, ""G9"": 26, ""H20"": 3, ""H3"": 2, ""H4"": 8, ""H7"": 149, ""M10"": 1}","{""P16"": [12, null], ""P18"": [17, null], ""R1"": [15, null], ""R22"": [14, null]}",图例字段未可靠读清，未计入，未记为零；图例与本体计数待核对,not-performed,not-measured
spot100,P087,pattern,https://www.bitbead.app/en/library/ef806242-e043-4b6d-8280-921d4261ede7,,,True,pixel-glyph-0.12.0-dev,partial,grid,True,True,1059,0.374,102.16,"{""C29"": 24, ""G8"": 186, ""H2"": 475, ""M4"": 374}",{},逐格候选已读取；外围是否截断尚未证明，未读清格不计为零；第 1 行有 43 格未读清或色号不在 MARD 221 内，未计入，请放大核对；第 2 行有 43 格未读清或色号不在 MARD 221 内，未计入，请放大核对；第 3 行有 41 格未读清或色号不在 MARD 221 内，未计入，请放大核对；第 4 行有 39 格未读清或色号不在 MARD 221 内，未计入，请放大核对；第 5 行有 35 格未读清或色号不在 MARD 221 内，未计入，请放大核对；第 6 行有 31 格未读清或色号不在 MARD 221 内，未计入，请放大核对；第 7 行有 21 格未读清或色号不在 MARD 221 内，未计入，请放大核对；第 8 行有 17 格未读清或色号不在 MARD 221 内，未计入，请放大核对；第 9 行有 17 格未读清或色号不在 MARD 221 内，未计入，请放大核对；第 10 行有 16 格未读清或色号不在 MARD 221 内，未计入，请放大核对；第 11 行有 15 格未读清或色号不在 MARD 221 内，未计入，请放大核对；第 12 行有 14 格未读清或色号不在 MARD 221 内，未计入，请放大核对；第 13 行有 12 格未读清或色号不在 MARD 221 内，未计入，请放大核对；第 14 行有 11 格未读清或色号不在 MARD 221 内，未计入，请放大核对；第 15 行有 9 格未读清或色号不在 MARD 221 内，未计入，请放大核对；第 16 行有 7 格未读清或色号不在 MARD 221 内，未计入，请放大核对；第 17 行有 8 格未读清或色号不在 MARD 221 内，未计入，请放大核对；第 18 行有 7 格未读清或色号不在 MARD 221 内，未计入，请放大核对；第 19 行有 6 格未读清或色号不在 MARD 221 内，未计入，请放大核对；第 20 行有 7 格未读清或色号不在 MARD 221 内，未计入，请放大核对；第 21 行有 9 格未读清或色号不在 MARD 221 内，未计入，请放大核对；第 22 行有 10 格未读清或色号不在 MARD 221 内，未计入，请放大核对；第 23 行有 10 格未读清或色号不在 MARD 221 内，未计入，请放大核对；第 24 行有 12 格未读清或色号不在 M,not-performed,not-measured
spot100,P088,pattern,https://www.sxgrocery.com/pattern/1503,,"P6,R14",True,pixel-glyph-0.12.0-dev,partial,legend,False,False,1224,0.539,140.0,"{""B10"": 17, ""C1"": 1, ""C22"": 61, ""E14"": 18, ""E16"": 112, ""E4"": 52, ""F1"": 10, ""F14"": 13, ""F21"": 416, ""F24"": 63, ""F9"": 100, ""H6"": 361}","{""P6"": [32, null], ""R14"": [51, null]}",图例字段未可靠读清，未计入，未记为零；图例与本体计数待核对,not-performed,not-measured
spot100,P089,pattern,https://www.bitbead.app/en/library/79e9a2e6-a8f7-42b2-9759-71fd8da10854,,,True,pixel-glyph-0.12.0-dev,partial,grid,True,True,2714,0.872,139.14,"{""F6"": 59, ""H2"": 908, ""H4"": 67, ""H7"": 1680}",{},逐格候选已读取；外围是否截断尚未证明，未读清格不计为零；第 1 行有 63 格未读清或色号不在 MARD 221 内，未计入，请放大核对；第 2 行有 63 格未读清或色号不在 MARD 221 内，未计入，请放大核对；第 3 行有 63 格未读清或色号不在 MARD 221 内，未计入，请放大核对；第 4 行有 62 格未读清或色号不在 MARD 221 内，未计入，请放大核对；第 5 行有 57 格未读清或色号不在 MARD 221 内，未计入，请放大核对；第 6 行有 52 格未读清或色号不在 MARD 221 内，未计入，请放大核对；第 7 行有 43 格未读清或色号不在 MARD 221 内，未计入，请放大核对；第 8 行有 41 格未读清或色号不在 MARD 221 内，未计入，请放大核对；第 9 行有 42 格未读清或色号不在 MARD 221 内，未计入，请放大核对；第 10 行有 41 格未读清或色号不在 MARD 221 内，未计入，请放大核对；第 11 行有 42 格未读清或色号不在 MARD 221 内，未计入，请放大核对；第 12 行有 42 格未读清或色号不在 MARD 221 内，未计入，请放大核对；第 13 行有 41 格未读清或色号不在 MARD 221 内，未计入，请放大核对；第 14 行有 39 格未读清或色号不在 MARD 221 内，未计入，请放大核对；第 15 行有 37 格未读清或色号不在 MARD 221 内，未计入，请放大核对；第 16 行有 34 格未读清或色号不在 MARD 221 内，未计入，请放大核对；第 17 行有 32 格未读清或色号不在 MARD 221 内，未计入，请放大核对；第 18 行有 31 格未读清或色号不在 MARD 221 内，未计入，请放大核对；第 19 行有 27 格未读清或色号不在 MARD 221 内，未计入，请放大核对；第 20 行有 23 格未读清或色号不在 MARD 221 内，未计入，请放大核对；第 21 行有 20 格未读清或色号不在 MARD 221 内，未计入，请放大核对；第 22 行有 15 格未读清或色号不在 MARD 221 内，未计入，请放大核对；第 23 行有 13 格未读清或色号不在 MARD 221 内，未计入，请放大核对；第 24 行有 8 格未读清或,not-performed,not-measured
spot100,P090,pattern,https://www.sxgrocery.com/pattern/570,,R22,True,pixel-glyph-0.12.0-dev,partial,legend,False,False,527,0.471,136.22,"{""D12"": 4, ""E4"": 1, ""F11"": 16, ""F6"": 181, ""G1"": 11, ""G17"": 1, ""G18"": 232, ""H11"": 1, ""H16"": 1, ""H7"": 79}","{""R22"": [151, null]}",图例字段未可靠读清，未计入，未记为零；同一文字有不同读法，请核对原图；图例与本体计数待核对,not-performed,not-measured
spot100,P091,pattern,https://www.sxgrocery.com/pattern/1807,,"P3,R22,ZG2",True,pixel-glyph-0.12.0-dev,partial,legend,False,False,867,0.5,136.96,"{""B13"": 34, ""B14"": 39, ""B26"": 14, ""B31"": 166, ""B32"": 285, ""C1"": 85, ""E11"": 151, ""H13"": 93}","{""P3"": [53, null], ""R22"": [6, null], ""ZG2"": [1, null]}",图例字段未可靠读清，未计入，未记为零；同一文字有不同读法，请核对原图；图例与本体计数待核对,not-performed,not-measured
spot100,P092,pattern,https://www.sxgrocery.com/pattern/1287,,"P16,P5,R23",True,pixel-glyph-0.12.0-dev,partial,legend,False,False,501,0.523,135.46,"{""A13"": 21, ""A17"": 3, ""A20"": 195, ""A25"": 6, ""A6"": 10, ""F10"": 72, ""F11"": 16, ""G10"": 142, ""G11"": 10, ""G13"": 14, ""G7"": 4, ""H19"": 2, ""H7"": 6}","{""P16"": [226, null], ""P5"": [6, null], ""R23"": [106, null]}",同一文字有不同读法，请核对原图；图例字段未可靠读清，未计入，未记为零；图例与本体计数待核对,not-performed,not-measured
spot100,P093,pattern,https://www.sxgrocery.com/pattern/2035,,"P22,R22,R23",True,pixel-glyph-0.12.0-dev,partial,legend,False,False,2298,1.512,158.69,"{""A23"": 235, ""B22"": 52, ""C18"": 38, ""E14"": 16, ""E21"": 8, ""F11"": 10, ""F18"": 16, ""F25"": 628, ""F6"": 328, ""G1"": 2, ""G17"": 8, ""G21"": 29, ""G3"": 223, ""G4"": 6, ""H6"": 194, ""H7"": 325, ""M3"": 96, ""M7"": 84}","{""P22"": [46, null], ""R22"": [35, null], ""R23"": [2, null]}",图例字段未可靠读清，未计入，未记为零；图例与本体计数待核对,not-performed,not-measured
spot100,P094,pattern,https://www.bitbead.app/en/library/af947e3c-bcd4-4967-b218-d85a67499bfd,,R1,True,pixel-glyph-0.12.0-dev,partial,grid,False,False,45,0.284,101.91,"{""D10"": 24, ""D4"": 21}","{""R1"": [1284, null]}",逐格候选已读取；外围是否截断尚未证明，未读清格不计为零；第 1 行有 37 格未读清或色号不在 MARD 221 内，未计入，请放大核对；第 2 行有 37 格未读清或色号不在 MARD 221 内，未计入，请放大核对；第 3 行有 37 格未读清或色号不在 MARD 221 内，未计入，请放大核对；第 4 行有 37 格未读清或色号不在 MARD 221 内，未计入，请放大核对；第 5 行有 37 格未读清或色号不在 MARD 221 内，未计入，请放大核对；第 6 行有 37 格未读清或色号不在 MARD 221 内，未计入，请放大核对；第 7 行有 31 格未读清或色号不在 MARD 221 内，未计入，请放大核对；第 8 行有 32 格未读清或色号不在 MARD 221 内，未计入，请放大核对；第 9 行有 29 格未读清或色号不在 MARD 221 内，未计入，请放大核对；第 10 行有 32 格未读清或色号不在 MARD 221 内，未计入，请放大核对；第 11 行有 37 格未读清或色号不在 MARD 221 内，未计入，请放大核对；第 12 行有 37 格未读清或色号不在 MARD 221 内，未计入，请放大核对；第 13 行有 37 格未读清或色号不在 MARD 221 内，未计入，请放大核对；第 14 行有 37 格未读清或色号不在 MARD 221 内，未计入，请放大核对；第 15 行有 37 格未读清或色号不在 MARD 221 内，未计入，请放大核对；第 16 行有 37 格未读清或色号不在 MARD 221 内，未计入，请放大核对；第 17 行有 37 格未读清或色号不在 MARD 221 内，未计入，请放大核对；第 18 行有 37 格未读清或色号不在 MARD 221 内，未计入，请放大核对；第 19 行有 37 格未读清或色号不在 MARD 221 内，未计入，请放大核对；第 20 行有 37 格未读清或色号不在 MARD 221 内，未计入，请放大核对；第 21 行有 37 格未读清或色号不在 MARD 221 内，未计入，请放大核对；第 22 行有 37 格未读清或色号不在 MARD 221 内，未计入，请放大核对；第 23 行有 37 格未读清或色号不在 MARD 221 内，未计入，请放大核对；第 24 行有 37 格未读清,not-performed,not-measured
spot100,P095,pattern,https://www.sxgrocery.com/pattern/924,,"P5,R1",True,pixel-glyph-0.12.0-dev,partial,legend,False,False,2046,0.78,154.85,"{""A1"": 184, ""A10"": 421, ""A13"": 91, ""A20"": 62, ""A22"": 28, ""A25"": 174, ""A26"": 114, ""A6"": 18, ""A8"": 107, ""B11"": 40, ""B14"": 12, ""B17"": 15, ""B18"": 30, ""B29"": 31, ""F11"": 105, ""F13"": 159, ""F4"": 21, ""F6"": 434}","{""P5"": [173, null], ""R1"": [41, null]}",图例字段未可靠读清，未计入，未记为零；图例与本体计数待核对,not-performed,not-measured
spot100,P096,pattern,https://www.sxgrocery.com/pattern/798,,"P22,R13,R8,ZG3",True,pixel-glyph-0.12.0-dev,partial,legend,False,False,1081,0.657,147.44,"{""C20"": 14, ""C26"": 85, ""C8"": 1, ""E21"": 4, ""G1"": 11, ""G18"": 58, ""G21"": 2, ""H11"": 202, ""H15"": 267, ""H3"": 26, ""H6"": 118, ""H7"": 166, ""M14"": 7, ""M3"": 120}","{""P22"": [18, null], ""R13"": [3, null], ""R8"": [6, null], ""ZG3"": [4, null]}",同一文字有不同读法，请核对原图；图例字段未可靠读清，未计入，未记为零；图例与本体计数待核对,not-performed,not-measured
spot100,P097,pattern,https://www.sxgrocery.com/pattern/706,,R22,True,pixel-glyph-0.12.0-dev,partial,legend,False,False,351,0.359,121.2,"{""F9"": 6, ""G14"": 18, ""H3"": 164, ""H4"": 6, ""H7"": 143, ""H9"": 14}","{""R22"": [8, null]}",同一文字有不同读法，请核对原图；图例字段未可靠读清，未计入，未记为零；图例与本体计数待核对,not-performed,not-measured
spot100,P098,pattern,https://www.sxgrocery.com/pattern/690,,,True,pixel-glyph-0.12.0-dev,partial,legend,True,True,1401,0.645,149.46,"{""F12"": 10, ""F24"": 4, ""F25"": 115, ""F7"": 72, ""F8"": 10, ""G21"": 40, ""G3"": 192, ""H4"": 19, ""H6"": 333, ""H7"": 583, ""M12"": 2, ""M7"": 21}",{},同一文字有不同读法，请核对原图；图例与本体计数待核对,not-performed,not-measured
spot100,P099,pattern,https://www.sxgrocery.com/pattern/766,,R1,True,pixel-glyph-0.12.0-dev,partial,legend,False,False,632,0.499,130.7,"{""A6"": 28, ""E1"": 72, ""E14"": 95, ""F1"": 3, ""F11"": 44, ""F14"": 15, ""F20"": 45, ""F4"": 63, ""H6"": 260, ""M14"": 7}","{""R1"": [68, null]}",同一文字有不同读法，请核对原图；图例字段未可靠读清，未计入，未记为零；图例与本体计数待核对,not-performed,not-measured
spot100,P100,pattern,https://www.sxgrocery.com/pattern/638,,"R1,R22,Y4",True,pixel-glyph-0.12.0-dev,partial,legend,False,False,133,0.232,103.2,"{""C3"": 18, ""F4"": 17, ""H7"": 98}","{""R1"": [10, null], ""R22"": [1, null], ""Y4"": [12, null]}",图例字段未可靠读清，未计入，未记为零；图例与本体计数待核对,not-performed,not-measured
